Team,League,Year,RA,W,OBP,SLG,BA,Playoffs,RankSeason,RankPlayoffs,G,OOBP,OSLG,RS
ARI,NL,2012,688,81,0.32799999999999996,0.418,0.259,0,,,162,0.317,0.415,734
ATL,NL,2012,600,94,0.32,0.389,0.247,1,4,5,162,0.306,0.37799999999999995,700
BAL,AL,2012,705,93,0.311,0.41700000000000004,0.247,1,5,4,162,0.315,0.40299999999999997,712
BOS,AL,2012,806,69,0.315,0.415,0.26,0,,,162,0.331,0.428,734
CHC,NL,2012,759,61,0.302,0.37799999999999995,0.24,0,,,162,0.335,0.424,613
CHW,AL,2012,676,85,0.318,0.42200000000000004,0.255,0,,,162,0.319,0.405,748
CIN,NL,2012,588,97,0.315,0.41100000000000003,0.251,1,2,4,162,0.305,0.39,669
CLE,AL,2012,845,68,0.324,0.381,0.251,0,,,162,0.336,0.43,667
COL,NL,2012,890,64,0.33,0.436,0.27399999999999997,0,,,162,0.35700000000000004,0.47,758
DET,AL,2012,670,88,0.335,0.42200000000000004,0.268,1,6,2,162,0.314,0.402,726
HOU,NL,2012,794,55,0.302,0.371,0.23600000000000002,0,,,162,0.337,0.42700000000000005,583
KCR,AL,2012,746,72,0.317,0.4,0.265,0,,,162,0.33899999999999997,0.423,676
LAA,AL,2012,699,89,0.332,0.433,0.27399999999999997,0,,,162,0.31,0.40299999999999997,767
LAD,NL,2012,597,86,0.317,0.374,0.252,0,,,162,0.31,0.364,637
MIA,NL,2012,724,69,0.308,0.382,0.244,0,,,162,0.327,0.39899999999999997,609
MIL,NL,2012,733,83,0.325,0.43700000000000006,0.259,0,,,162,0.326,0.414,776
MIN,AL,2012,832,66,0.325,0.39,0.26,0,,,162,0.33299999999999996,0.442,701
NYM,NL,2012,709,74,0.316,0.386,0.249,0,,,162,0.315,0.401,650
NYY,AL,2012,668,95,0.337,0.45299999999999996,0.265,1,3,3,162,0.311,0.419,804
OAK,AL,2012,614,94,0.31,0.40399999999999997,0.23800000000000002,1,4,4,162,0.306,0.37799999999999995,713
PHI,NL,2012,680,81,0.317,0.4,0.255,0,,,162,0.306,0.40700000000000003,684
PIT,NL,2012,674,79,0.304,0.395,0.243,0,,,162,0.314,0.39,651
SDP,NL,2012,710,76,0.319,0.38,0.247,0,,,162,0.319,0.39799999999999996,651
SEA,AL,2012,651,75,0.29600000000000004,0.369,0.23399999999999999,0,,,162,0.308,0.39399999999999996,619
SFG,NL,2012,649,94,0.327,0.397,0.26899999999999996,1,4,1,162,0.313,0.39299999999999996,718
STL,NL,2012,648,88,0.33799999999999997,0.42100000000000004,0.271,1,6,3,162,0.313,0.387,765
TBR,AL,2012,577,90,0.317,0.39399999999999996,0.24,0,,,162,0.294,0.35200000000000004,697
TEX,AL,2012,707,93,0.33399999999999996,0.446,0.273,1,5,5,162,0.309,0.408,808
TOR,AL,2012,784,73,0.309,0.40700000000000003,0.245,0,,,162,0.335,0.43799999999999994,716
WSN,NL,2012,594,98,0.322,0.428,0.261,1,1,4,162,0.303,0.373,731
ARI,NL,2011,662,94,0.322,0.413,0.25,1,5,4,162,0.316,0.409,731
ATL,NL,2011,605,89,0.308,0.387,0.243,0,,,162,0.31,0.361,641
BAL,AL,2011,860,69,0.316,0.413,0.257,0,,,162,0.341,0.46,708
BOS,AL,2011,737,90,0.349,0.461,0.28,0,,,162,0.322,0.392,875
CHC,NL,2011,756,71,0.314,0.401,0.256,0,,,162,0.335,0.413,654
CHW,AL,2011,706,79,0.319,0.38799999999999996,0.252,0,,,162,0.317,0.397,654
CIN,NL,2011,720,79,0.326,0.408,0.256,0,,,162,0.325,0.415,735
CLE,AL,2011,760,80,0.317,0.396,0.25,0,,,162,0.32299999999999995,0.413,704
COL,NL,2011,774,73,0.32899999999999996,0.41,0.258,0,,,162,0.331,0.431,735
DET,AL,2011,711,95,0.34,0.434,0.27699999999999997,1,4,3,162,0.321,0.396,787
FLA,NL,2011,702,72,0.318,0.38799999999999996,0.247,0,,,162,0.316,0.401,625
HOU,NL,2011,796,56,0.311,0.374,0.258,0,,,162,0.337,0.43200000000000005,615
KCR,AL,2011,762,71,0.32899999999999996,0.415,0.275,0,,,162,0.337,0.425,730
LAA,AL,2011,633,86,0.313,0.402,0.253,0,,,162,0.313,0.38799999999999996,667
LAD,NL,2011,612,82,0.322,0.375,0.257,0,,,161,0.31,0.371,644
MIL,NL,2011,638,96,0.325,0.425,0.261,1,3,3,162,0.304,0.385,721
MIN,AL,2011,804,63,0.306,0.36,0.247,0,,,162,0.34,0.435,619
NYM,NL,2011,742,77,0.335,0.391,0.264,0,,,162,0.332,0.41100000000000003,718
NYY,AL,2011,657,97,0.34299999999999997,0.444,0.263,1,2,4,162,0.322,0.39899999999999997,867
OAK,AL,2011,679,74,0.311,0.369,0.244,0,,,162,0.317,0.37799999999999995,645
PHI,NL,2011,529,102,0.32299999999999995,0.395,0.253,1,1,4,162,0.29600000000000004,0.361,713
PIT,NL,2011,712,72,0.309,0.368,0.244,0,,,162,0.33799999999999997,0.409,610
SDP,NL,2011,611,71,0.305,0.349,0.237,0,,,162,0.314,0.375,593
SEA,AL,2011,675,67,0.292,0.348,0.233,0,,,162,0.31,0.386,556
SFG,NL,2011,578,86,0.303,0.368,0.242,0,,,162,0.309,0.34600000000000003,570
STL,NL,2011,692,90,0.341,0.425,0.273,1,7,1,162,0.319,0.39799999999999996,762
TBR,AL,2011,614,91,0.322,0.402,0.244,1,6,4,162,0.303,0.38299999999999995,707
TEX,AL,2011,677,96,0.34,0.46,0.28300000000000003,1,3,2,162,0.307,0.392,855
TOR,AL,2011,761,81,0.317,0.413,0.249,0,,,162,0.32799999999999996,0.419,743
WSN,NL,2011,643,80,0.309,0.38299999999999995,0.242,0,,,161,0.319,0.382,624
ARI,NL,2010,836,65,0.325,0.41600000000000004,0.25,0,,,162,0.34,0.44799999999999995,713
ATL,NL,2010,629,91,0.33899999999999997,0.401,0.258,1,6,4,162,0.314,0.376,738
BAL,AL,2010,785,66,0.316,0.386,0.259,0,,,162,0.336,0.434,613
BOS,AL,2010,744,89,0.33899999999999997,0.451,0.268,0,,,162,0.327,0.39899999999999997,818
CHC,NL,2010,767,75,0.32,0.401,0.257,0,,,162,0.33399999999999996,0.39799999999999996,685
CHW,AL,2010,704,88,0.332,0.42,0.268,0,,,162,0.325,0.395,752
CIN,NL,2010,685,91,0.33799999999999997,0.436,0.272,1,6,4,162,0.32299999999999995,0.396,790
CLE,AL,2010,752,69,0.322,0.37799999999999995,0.248,0,,,162,0.342,0.41600000000000004,646
COL,NL,2010,717,83,0.336,0.425,0.263,0,,,162,0.326,0.397,770
DET,AL,2010,743,81,0.335,0.415,0.268,0,,,162,0.332,0.4,751
FLA,NL,2010,717,80,0.321,0.40299999999999997,0.254,0,,,162,0.331,0.39799999999999996,719
HOU,NL,2010,729,76,0.303,0.36200000000000004,0.247,0,,,162,0.33,0.402,611
KCR,AL,2010,845,67,0.331,0.39899999999999997,0.27399999999999997,0,,,162,0.342,0.435,676
LAA,AL,2010,702,80,0.311,0.39,0.248,0,,,162,0.327,0.40299999999999997,681
LAD,NL,2010,692,80,0.322,0.379,0.252,0,,,162,0.316,0.37799999999999995,667
MIL,NL,2010,804,77,0.335,0.424,0.262,0,,,162,0.33799999999999997,0.42700000000000005,750
MIN,AL,2010,671,94,0.341,0.42200000000000004,0.273,1,4,4,162,0.317,0.41700000000000004,781
NYM,NL,2010,652,79,0.314,0.38299999999999995,0.249,0,,,162,0.33,0.39399999999999996,656
NYY,AL,2010,693,95,0.35,0.436,0.267,1,3,3,162,0.322,0.39899999999999997,859
OAK,AL,2010,626,81,0.324,0.37799999999999995,0.256,0,,,162,0.313,0.379,663
PHI,NL,2010,640,97,0.332,0.413,0.26,1,1,3,162,0.311,0.405,772
PIT,NL,2010,866,57,0.304,0.373,0.242,0,,,162,0.348,0.449,587
SDP,NL,2010,581,90,0.317,0.371,0.24600000000000002,0,,,162,0.308,0.368,665
SEA,AL,2010,698,61,0.298,0.33899999999999997,0.23600000000000002,0,,,162,0.313,0.401,513
SFG,NL,2010,583,92,0.321,0.408,0.257,1,5,1,162,0.313,0.37,697
STL,NL,2010,641,86,0.332,0.402,0.263,0,,,162,0.319,0.387,736
TBR,AL,2010,649,96,0.33299999999999996,0.40299999999999997,0.247,1,2,4,162,0.308,0.40399999999999997,802
TEX,AL,2010,687,90,0.33799999999999997,0.419,0.276,1,7,2,162,0.319,0.39,787
TOR,AL,2010,728,85,0.312,0.45399999999999996,0.248,0,,,162,0.326,0.405,755
WSN,NL,2010,742,69,0.318,0.39,0.25,0,,,162,0.33,0.41,655
ARI,NL,2009,782,70,0.324,0.418,0.253,0,,,162,0.33,0.419,720
ATL,NL,2009,641,86,0.33899999999999997,0.405,0.263,0,,,162,0.32299999999999995,0.39,735
BAL,AL,2009,876,64,0.332,0.415,0.268,0,,,162,0.353,0.47600000000000003,741
BOS,AL,2009,736,95,0.35200000000000004,0.45399999999999996,0.27,1,3,4,162,0.335,0.42200000000000004,872
CHC,NL,2009,672,83,0.332,0.40700000000000003,0.255,0,,,161,0.324,0.391,707
CHW,AL,2009,732,79,0.32899999999999996,0.41100000000000003,0.258,0,,,162,0.325,0.414,724
CIN,NL,2009,723,78,0.318,0.39399999999999996,0.247,0,,,162,0.33299999999999996,0.418,673
CLE,AL,2009,865,65,0.33899999999999997,0.41700000000000004,0.264,0,,,162,0.35100000000000003,0.44299999999999995,773
COL,NL,2009,715,92,0.34299999999999997,0.441,0.261,1,5,4,162,0.32799999999999996,0.405,804
DET,AL,2009,745,86,0.331,0.41600000000000004,0.26,0,,,163,0.336,0.42200000000000004,743
FLA,NL,2009,766,87,0.34,0.41600000000000004,0.268,0,,,162,0.33299999999999996,0.408,772
HOU,NL,2009,770,74,0.319,0.4,0.26,0,,,162,0.344,0.44,643
KCR,AL,2009,842,65,0.318,0.405,0.259,0,,,162,0.34299999999999997,0.42200000000000004,686
LAA,AL,2009,761,97,0.35,0.441,0.285,1,2,3,162,0.33799999999999997,0.43200000000000005,883
LAD,NL,2009,611,95,0.34600000000000003,0.41200000000000003,0.27,1,3,3,162,0.312,0.361,780
MIL,NL,2009,818,80,0.341,0.426,0.263,0,,,162,0.345,0.45,785
MIN,AL,2009,765,87,0.345,0.429,0.27399999999999997,1,7,4,163,0.331,0.431,817
NYM,NL,2009,757,70,0.335,0.39399999999999996,0.27,0,,,162,0.342,0.418,671
NYY,AL,2009,753,103,0.36200000000000004,0.478,0.28300000000000003,1,1,1,162,0.327,0.408,915
OAK,AL,2009,761,75,0.32799999999999996,0.397,0.262,0,,,162,0.32899999999999996,0.413,759
PHI,NL,2009,709,93,0.33399999999999996,0.447,0.258,1,4,2,162,0.32899999999999996,0.42700000000000005,820
PIT,NL,2009,768,62,0.318,0.387,0.252,0,,,161,0.34600000000000003,0.442,636
SDP,NL,2009,769,75,0.321,0.381,0.242,0,,,162,0.33299999999999996,0.406,638
SEA,AL,2009,692,85,0.314,0.402,0.258,0,,,162,0.316,0.39399999999999996,640
SFG,NL,2009,611,88,0.309,0.389,0.257,0,,,162,0.314,0.37200000000000005,657
STL,NL,2009,640,91,0.332,0.415,0.263,1,6,4,162,0.319,0.386,730
TBR,AL,2009,754,84,0.34299999999999997,0.439,0.263,0,,,162,0.324,0.41700000000000004,803
TEX,AL,2009,740,87,0.32,0.445,0.26,0,,,162,0.331,0.41600000000000004,784
TOR,AL,2009,771,75,0.33299999999999996,0.44,0.266,0,,,162,0.33899999999999997,0.434,798
WSN,NL,2009,874,59,0.337,0.406,0.258,0,,,162,0.35200000000000004,0.45,710
ARI,NL,2008,706,82,0.327,0.415,0.251,0,,,162,0.318,0.39799999999999996,720
ATL,NL,2008,778,72,0.345,0.408,0.27,0,,,162,0.336,0.423,753
BAL,AL,2008,869,68,0.33299999999999996,0.429,0.267,0,,,161,0.361,0.435,782
BOS,AL,2008,694,95,0.358,0.447,0.28,1,3,3,162,0.32299999999999995,0.39,845
CHC,NL,2008,671,97,0.354,0.44299999999999995,0.278,1,2,4,161,0.316,0.395,855
CHW,AL,2008,729,89,0.332,0.44799999999999995,0.263,1,6,4,163,0.32,0.41,811
CIN,NL,2008,800,74,0.321,0.408,0.247,0,,,162,0.345,0.45,704
CLE,AL,2008,761,81,0.33899999999999997,0.424,0.262,0,,,162,0.33,0.424,805
COL,NL,2008,822,74,0.336,0.415,0.263,0,,,162,0.344,0.431,747
DET,AL,2008,857,74,0.34,0.444,0.271,0,,,162,0.353,0.43700000000000006,821
FLA,NL,2008,767,84,0.326,0.433,0.254,0,,,161,0.33299999999999996,0.40700000000000003,770
HOU,NL,2008,743,86,0.32299999999999995,0.415,0.263,0,,,161,0.32799999999999996,0.44,712
KCR,AL,2008,781,75,0.32,0.397,0.26899999999999996,0,,,162,0.32799999999999996,0.415,691
LAA,AL,2008,697,100,0.33,0.413,0.268,1,1,4,162,0.32299999999999995,0.406,765
LAD,NL,2008,648,84,0.33299999999999996,0.39899999999999997,0.264,1,7,3,162,0.315,0.376,700
MIL,NL,2008,689,90,0.325,0.431,0.253,1,5,4,162,0.32299999999999995,0.406,750
MIN,AL,2008,745,88,0.34,0.408,0.27899999999999997,0,,,163,0.324,0.431,829
NYM,NL,2008,715,89,0.34,0.42,0.266,0,,,162,0.331,0.397,799
NYY,AL,2008,727,89,0.342,0.42700000000000005,0.271,0,,,162,0.32899999999999996,0.405,789
OAK,AL,2008,690,75,0.318,0.369,0.242,0,,,161,0.32799999999999996,0.392,646
PHI,NL,2008,680,92,0.332,0.43799999999999994,0.255,1,4,1,162,0.32899999999999996,0.41,799
PIT,NL,2008,884,67,0.32,0.40299999999999997,0.258,0,,,162,0.36200000000000004,0.45399999999999996,735
SDP,NL,2008,764,63,0.317,0.39,0.25,0,,,162,0.332,0.409,637
SEA,AL,2008,811,61,0.318,0.389,0.265,0,,,162,0.35100000000000003,0.433,671
SFG,NL,2008,759,72,0.321,0.382,0.262,0,,,162,0.341,0.40399999999999997,640
STL,NL,2008,725,86,0.35,0.433,0.281,0,,,162,0.332,0.431,779
TBR,AL,2008,671,97,0.34,0.42200000000000004,0.26,1,2,2,162,0.314,0.4,774
TEX,AL,2008,967,79,0.354,0.462,0.28300000000000003,0,,,162,0.36200000000000004,0.455,901
TOR,AL,2008,610,86,0.331,0.39899999999999997,0.264,0,,,162,0.309,0.38,714
WSN,NL,2008,825,59,0.32299999999999995,0.373,0.251,0,,,161,0.34299999999999997,0.436,641
ARI,NL,2007,732,90,0.321,0.413,0.25,1,3,3,162,0.33399999999999996,0.42,712
ATL,NL,2007,733,84,0.33899999999999997,0.435,0.275,0,,,162,0.327,0.415,810
BAL,AL,2007,868,69,0.33299999999999996,0.41200000000000003,0.272,0,,,162,0.354,0.41200000000000003,756
BOS,AL,2007,657,96,0.36200000000000004,0.444,0.27899999999999997,1,1,1,162,0.314,0.392,867
CHC,NL,2007,690,85,0.33299999999999996,0.42200000000000004,0.271,1,5,4,162,0.322,0.39899999999999997,752
CHW,AL,2007,839,72,0.318,0.40399999999999997,0.24600000000000002,0,,,162,0.33799999999999997,0.435,693
CIN,NL,2007,853,72,0.335,0.436,0.267,0,,,162,0.34299999999999997,0.456,783
CLE,AL,2007,704,96,0.34299999999999997,0.428,0.268,1,1,3,162,0.322,0.40700000000000003,811
COL,NL,2007,758,90,0.354,0.43700000000000006,0.28,1,3,2,163,0.33,0.423,860
DET,AL,2007,797,88,0.345,0.45799999999999996,0.287,0,,,162,0.33799999999999997,0.42700000000000005,887
FLA,NL,2007,891,71,0.336,0.44799999999999995,0.267,0,,,162,0.364,0.442,790
HOU,NL,2007,813,73,0.33,0.41200000000000003,0.26,0,,,162,0.337,0.45399999999999996,723
KCR,AL,2007,778,69,0.322,0.38799999999999996,0.261,0,,,162,0.33899999999999997,0.445,706
LAA,AL,2007,731,94,0.345,0.41700000000000004,0.284,1,2,4,162,0.32799999999999996,0.41200000000000003,822
LAD,NL,2007,727,82,0.337,0.406,0.275,0,,,162,0.326,0.39899999999999997,735
MIL,NL,2007,776,83,0.32899999999999996,0.456,0.262,0,,,162,0.33299999999999996,0.42200000000000004,801
MIN,AL,2007,725,79,0.33,0.391,0.264,0,,,162,0.324,0.431,718
NYM,NL,2007,750,88,0.342,0.43200000000000005,0.275,0,,,162,0.32899999999999996,0.409,804
NYY,AL,2007,777,94,0.366,0.46299999999999997,0.29,1,2,4,162,0.34,0.41700000000000004,968
OAK,AL,2007,758,76,0.33799999999999997,0.40700000000000003,0.256,0,,,162,0.32899999999999996,0.40399999999999997,741
PHI,NL,2007,821,89,0.354,0.45799999999999996,0.27399999999999997,1,4,4,162,0.34600000000000003,0.451,892
PIT,NL,2007,846,68,0.325,0.41100000000000003,0.263,0,,,162,0.35200000000000004,0.447,724
SDP,NL,2007,666,89,0.322,0.41100000000000003,0.251,0,,,163,0.311,0.374,741
SEA,AL,2007,813,88,0.337,0.425,0.287,0,,,162,0.349,0.431,794
SFG,NL,2007,720,71,0.322,0.387,0.254,0,,,162,0.33399999999999996,0.405,683
STL,NL,2007,829,78,0.337,0.405,0.27399999999999997,0,,,162,0.336,0.431,725
TBD,AL,2007,944,66,0.336,0.433,0.268,0,,,162,0.358,0.467,782
TEX,AL,2007,844,75,0.32799999999999996,0.426,0.263,0,,,162,0.35600000000000004,0.423,816
TOR,AL,2007,699,83,0.327,0.419,0.259,0,,,162,0.315,0.391,753
WSN,NL,2007,783,73,0.325,0.39,0.256,0,,,162,0.33899999999999997,0.433,673
ARI,NL,2006,788,76,0.331,0.424,0.267,0,,,162,0.335,0.431,773
ATL,NL,2006,805,79,0.337,0.455,0.27,0,,,162,0.34299999999999997,0.43799999999999994,849
BAL,AL,2006,899,70,0.33899999999999997,0.424,0.27699999999999997,0,,,162,0.35700000000000004,0.462,768
BOS,AL,2006,825,86,0.35100000000000003,0.435,0.26899999999999996,0,,,162,0.34299999999999997,0.447,820
CHC,NL,2006,834,66,0.319,0.42200000000000004,0.268,0,,,162,0.342,0.431,716
CHW,AL,2006,794,90,0.342,0.46399999999999997,0.28,0,,,162,0.326,0.44,868
CIN,NL,2006,801,80,0.336,0.43200000000000005,0.257,0,,,162,0.337,0.457,749
CLE,AL,2006,782,78,0.349,0.457,0.28,0,,,162,0.335,0.431,870
COL,NL,2006,812,76,0.341,0.433,0.27,0,,,162,0.34600000000000003,0.43799999999999994,813
DET,AL,2006,675,95,0.32899999999999996,0.449,0.27399999999999997,1,3,2,162,0.321,0.405,822
FLA,NL,2006,772,78,0.331,0.435,0.264,0,,,162,0.34700000000000003,0.423,758
HOU,NL,2006,719,82,0.332,0.409,0.255,0,,,162,0.319,0.42100000000000004,735
KCR,AL,2006,971,62,0.332,0.41100000000000003,0.271,0,,,162,0.36700000000000005,0.47600000000000003,757
LAA,AL,2006,732,89,0.33399999999999996,0.425,0.27399999999999997,0,,,162,0.316,0.402,766
LAD,NL,2006,751,88,0.348,0.43200000000000005,0.276,1,5,4,162,0.33,0.418,820
MIL,NL,2006,833,75,0.327,0.42,0.258,0,,,162,0.33299999999999996,0.43799999999999994,730
MIN,AL,2006,683,96,0.34700000000000003,0.425,0.287,1,2,4,162,0.312,0.423,801
NYM,NL,2006,731,97,0.33399999999999996,0.445,0.264,1,1,3,162,0.32299999999999995,0.40700000000000003,834
NYY,AL,2006,767,97,0.363,0.461,0.285,1,1,4,162,0.326,0.413,930
OAK,AL,2006,727,93,0.34,0.41200000000000003,0.26,1,4,3,162,0.33799999999999997,0.42200000000000004,771
PHI,NL,2006,812,85,0.34700000000000003,0.447,0.267,0,,,162,0.33899999999999997,0.46,865
PIT,NL,2006,797,67,0.327,0.397,0.263,0,,,162,0.35700000000000004,0.431,691
SDP,NL,2006,679,88,0.332,0.41600000000000004,0.263,1,5,4,162,0.312,0.40399999999999997,731
SEA,AL,2006,792,78,0.325,0.424,0.272,0,,,162,0.337,0.43200000000000005,756
SFG,NL,2006,790,76,0.324,0.42200000000000004,0.259,0,,,161,0.337,0.415,746
STL,NL,2006,762,83,0.337,0.431,0.26899999999999996,1,6,1,161,0.337,0.44299999999999995,781
TBD,AL,2006,856,61,0.314,0.42,0.255,0,,,162,0.358,0.452,689
TEX,AL,2006,784,80,0.33799999999999997,0.446,0.278,0,,,162,0.341,0.424,835
TOR,AL,2006,754,87,0.348,0.46299999999999997,0.284,0,,,162,0.32799999999999996,0.42200000000000004,809
WSN,NL,2006,872,71,0.33799999999999997,0.418,0.262,0,,,162,0.349,0.447,746
ARI,NL,2005,856,77,0.332,0.42100000000000004,0.256,0,,,162,0.345,0.455,696
ATL,NL,2005,674,90,0.33299999999999996,0.435,0.265,1,4,4,162,0.33299999999999996,0.406,769
BAL,AL,2005,800,74,0.327,0.434,0.26899999999999996,0,,,162,0.336,0.41600000000000004,729
BOS,AL,2005,805,95,0.35700000000000004,0.45399999999999996,0.281,1,3,4,162,0.335,0.441,910
CHC,NL,2005,714,79,0.324,0.44,0.27,0,,,162,0.325,0.40700000000000003,703
CHW,AL,2005,645,99,0.322,0.425,0.262,1,2,1,162,0.31,0.397,741
CIN,NL,2005,889,73,0.33899999999999997,0.446,0.261,0,,,163,0.35200000000000004,0.483,820
CLE,AL,2005,642,93,0.33399999999999996,0.45299999999999996,0.271,0,,,162,0.302,0.387,790
COL,NL,2005,862,67,0.33299999999999996,0.41100000000000003,0.267,0,,,162,0.36200000000000004,0.457,740
DET,AL,2005,787,71,0.321,0.428,0.272,0,,,162,0.33,0.436,723
FLA,NL,2005,732,83,0.33899999999999997,0.409,0.272,0,,,162,0.33899999999999997,0.402,717
HOU,NL,2005,609,89,0.322,0.408,0.256,1,5,2,163,0.308,0.389,693
KCR,AL,2005,935,56,0.32,0.396,0.263,0,,,162,0.36200000000000004,0.46299999999999997,701
LAA,AL,2005,643,95,0.325,0.409,0.27,1,3,3,162,0.312,0.401,761
LAD,NL,2005,755,71,0.326,0.395,0.253,0,,,162,0.327,0.429,685
MIL,NL,2005,697,81,0.331,0.423,0.259,0,,,162,0.324,0.408,726
MIN,AL,2005,662,83,0.32299999999999995,0.391,0.259,0,,,162,0.307,0.408,688
NYM,NL,2005,648,83,0.322,0.41600000000000004,0.258,0,,,162,0.321,0.387,722
NYY,AL,2005,789,95,0.355,0.45,0.276,1,3,4,162,0.332,0.42200000000000004,886
OAK,AL,2005,658,88,0.33,0.40700000000000003,0.262,0,,,162,0.311,0.382,772
PHI,NL,2005,726,88,0.348,0.423,0.27,0,,,162,0.32,0.426,807
PIT,NL,2005,769,67,0.322,0.4,0.259,0,,,162,0.344,0.424,680
SDP,NL,2005,726,82,0.33299999999999996,0.391,0.257,1,6,4,162,0.322,0.408,684
SEA,AL,2005,751,69,0.317,0.391,0.256,0,,,162,0.332,0.42200000000000004,699
SFG,NL,2005,745,75,0.319,0.396,0.261,0,,,162,0.336,0.41200000000000003,649
STL,NL,2005,634,100,0.33899999999999997,0.423,0.27,1,1,3,162,0.318,0.39799999999999996,805
TBD,AL,2005,936,67,0.32899999999999996,0.425,0.27399999999999997,0,,,162,0.355,0.455,750
TEX,AL,2005,858,79,0.32899999999999996,0.46799999999999997,0.267,0,,,162,0.34299999999999997,0.428,865
TOR,AL,2005,705,80,0.331,0.40700000000000003,0.265,0,,,162,0.324,0.418,775
WSN,NL,2005,673,81,0.322,0.386,0.252,0,,,162,0.33299999999999996,0.396,639
ANA,AL,2004,734,92,0.341,0.429,0.282,1,6,4,162,0.326,0.415,836
ARI,NL,2004,899,51,0.31,0.39299999999999996,0.253,0,,,162,0.35,0.439,615
ATL,NL,2004,668,96,0.34299999999999997,0.434,0.27,1,4,4,162,0.32899999999999996,0.4,803
BAL,AL,2004,830,78,0.345,0.43200000000000005,0.281,0,,,162,0.348,0.40399999999999997,842
BOS,AL,2004,768,98,0.36,0.47200000000000003,0.282,1,3,1,162,0.318,0.408,949
CHC,NL,2004,665,89,0.32799999999999996,0.45799999999999996,0.268,0,,,162,0.321,0.395,789
CHW,AL,2004,831,83,0.33299999999999996,0.457,0.268,0,,,162,0.33799999999999997,0.45299999999999996,865
CIN,NL,2004,907,76,0.331,0.418,0.25,0,,,162,0.348,0.48100000000000004,750
CLE,AL,2004,857,80,0.35100000000000003,0.444,0.276,0,,,162,0.342,0.445,858
COL,NL,2004,923,68,0.345,0.455,0.275,0,,,162,0.37200000000000005,0.47100000000000003,833
DET,AL,2004,844,72,0.337,0.449,0.272,0,,,162,0.34,0.441,827
FLA,NL,2004,700,83,0.32899999999999996,0.406,0.264,0,,,162,0.324,0.41200000000000003,718
HOU,NL,2004,698,92,0.342,0.436,0.267,1,6,3,162,0.32799999999999996,0.41700000000000004,803
KCR,AL,2004,905,58,0.322,0.397,0.259,0,,,162,0.35200000000000004,0.47600000000000003,720
LAD,NL,2004,684,93,0.332,0.423,0.262,1,5,4,162,0.32299999999999995,0.408,761
MIL,NL,2004,757,67,0.321,0.387,0.248,0,,,161,0.32,0.41700000000000004,634
MIN,AL,2004,715,92,0.332,0.431,0.266,1,6,4,162,0.32299999999999995,0.406,780
MON,NL,2004,769,67,0.313,0.392,0.249,0,,,162,0.342,0.431,635
NYM,NL,2004,731,71,0.317,0.409,0.249,0,,,162,0.335,0.405,684
NYY,AL,2004,808,101,0.353,0.45799999999999996,0.268,1,2,3,162,0.32799999999999996,0.43200000000000005,897
OAK,AL,2004,742,91,0.34299999999999997,0.433,0.27,0,,,162,0.332,0.409,793
PHI,NL,2004,781,86,0.345,0.44299999999999995,0.267,0,,,162,0.33,0.44799999999999995,840
PIT,NL,2004,744,72,0.321,0.401,0.26,0,,,161,0.342,0.41600000000000004,680
SDP,NL,2004,705,87,0.342,0.414,0.273,0,,,162,0.318,0.431,768
SEA,AL,2004,823,63,0.331,0.396,0.27,0,,,162,0.33799999999999997,0.441,698
SFG,NL,2004,770,91,0.35700000000000004,0.43799999999999994,0.27,0,,,162,0.332,0.423,850
STL,NL,2004,659,105,0.344,0.46,0.278,1,1,2,162,0.313,0.40299999999999997,855
TBD,AL,2004,842,70,0.32,0.405,0.258,0,,,161,0.342,0.43799999999999994,714
TEX,AL,2004,794,89,0.32899999999999996,0.457,0.266,0,,,162,0.344,0.43200000000000005,860
TOR,AL,2004,823,67,0.32799999999999996,0.40299999999999997,0.26,0,,,161,0.348,0.434,719
ANA,AL,2003,743,77,0.33,0.413,0.268,0,,,162,0.327,0.42100000000000004,736
ARI,NL,2003,685,84,0.33,0.41700000000000004,0.263,0,,,162,0.322,0.38799999999999996,717
ATL,NL,2003,740,101,0.349,0.475,0.284,1,1,4,162,0.327,0.401,907
BAL,AL,2003,820,71,0.32299999999999995,0.405,0.268,0,,,163,0.34600000000000003,0.446,743
BOS,AL,2003,809,95,0.36,0.491,0.289,1,4,3,162,0.327,0.415,961
CHC,NL,2003,683,88,0.32299999999999995,0.41600000000000004,0.259,1,7,3,162,0.324,0.37200000000000005,724
CHW,AL,2003,715,86,0.331,0.446,0.263,0,,,162,0.322,0.40399999999999997,791
CIN,NL,2003,886,69,0.318,0.395,0.245,0,,,162,0.349,0.46299999999999997,694
CLE,AL,2003,778,68,0.316,0.401,0.254,0,,,162,0.32899999999999996,0.426,699
COL,NL,2003,892,74,0.344,0.445,0.267,0,,,162,0.359,0.47,853
DET,AL,2003,928,43,0.3,0.375,0.24,0,,,162,0.35200000000000004,0.461,591
FLA,NL,2003,692,91,0.33299999999999996,0.42100000000000004,0.266,1,5,1,162,0.325,0.396,751
HOU,NL,2003,677,87,0.336,0.431,0.263,0,,,162,0.326,0.397,805
KCR,AL,2003,867,83,0.336,0.42700000000000005,0.27399999999999997,0,,,162,0.348,0.45,836
LAD,NL,2003,556,85,0.303,0.368,0.243,0,,,162,0.306,0.354,574
MIL,NL,2003,873,68,0.32899999999999996,0.419,0.256,0,,,162,0.348,0.462,714
MIN,AL,2003,758,90,0.341,0.431,0.27699999999999997,1,6,4,162,0.319,0.428,801
MON,NL,2003,716,83,0.326,0.401,0.258,0,,,162,0.327,0.423,711
NYM,NL,2003,754,66,0.314,0.374,0.247,0,,,161,0.345,0.43799999999999994,642
NYY,AL,2003,716,101,0.35600000000000004,0.45299999999999996,0.271,1,1,2,163,0.314,0.40700000000000003,877
OAK,AL,2003,643,96,0.327,0.41700000000000004,0.254,1,3,4,162,0.314,0.376,768
PHI,NL,2003,697,86,0.34299999999999997,0.419,0.261,0,,,162,0.327,0.401,791
PIT,NL,2003,801,75,0.33799999999999997,0.42,0.267,0,,,162,0.336,0.431,753
SDP,NL,2003,831,64,0.33299999999999996,0.38799999999999996,0.261,0,,,162,0.341,0.43700000000000006,678
SEA,AL,2003,637,93,0.344,0.41,0.271,0,,,162,0.311,0.38799999999999996,795
SFG,NL,2003,638,100,0.33799999999999997,0.425,0.264,1,2,4,161,0.321,0.386,755
STL,NL,2003,796,85,0.35,0.45399999999999996,0.27899999999999997,0,,,162,0.336,0.452,876
TBD,AL,2003,852,63,0.32,0.40399999999999997,0.265,0,,,162,0.34700000000000003,0.44,715
TEX,AL,2003,969,71,0.33,0.45399999999999996,0.266,0,,,162,0.36,0.473,826
TOR,AL,2003,826,86,0.349,0.455,0.27899999999999997,0,,,162,0.337,0.441,894
ANA,AL,2002,644,99,0.341,0.433,0.282,1,3,1,162,0.314,0.392,851
ARI,NL,2002,674,98,0.34600000000000003,0.423,0.267,1,4,4,162,0.305,0.397,819
ATL,NL,2002,565,101,0.331,0.409,0.26,1,2,4,161,0.313,0.364,708
BAL,AL,2002,773,67,0.309,0.40299999999999997,0.24600000000000002,0,,,162,0.336,0.435,667
BOS,AL,2002,665,93,0.345,0.444,0.27699999999999997,0,,,162,0.308,0.385,859
CHC,NL,2002,759,67,0.321,0.413,0.24600000000000002,0,,,162,0.331,0.40700000000000003,706
CHW,AL,2002,798,81,0.33799999999999997,0.449,0.268,0,,,162,0.33,0.423,856
CIN,NL,2002,774,78,0.33,0.408,0.253,0,,,162,0.33799999999999997,0.426,709
CLE,AL,2002,837,74,0.321,0.41200000000000003,0.249,0,,,162,0.348,0.423,739
COL,NL,2002,898,73,0.337,0.423,0.27399999999999997,0,,,162,0.349,0.466,778
DET,AL,2002,864,55,0.3,0.379,0.248,0,,,161,0.34299999999999997,0.455,575
FLA,NL,2002,763,79,0.337,0.40299999999999997,0.261,0,,,162,0.341,0.415,699
HOU,NL,2002,695,84,0.33799999999999997,0.41700000000000004,0.262,0,,,162,0.33,0.41,749
KCR,AL,2002,891,62,0.32299999999999995,0.39799999999999996,0.256,0,,,162,0.349,0.46399999999999997,737
LAD,NL,2002,643,92,0.32,0.409,0.264,0,,,162,0.315,0.387,713
MIL,NL,2002,821,56,0.32,0.39,0.253,0,,,162,0.35200000000000004,0.442,627
MIN,AL,2002,712,94,0.332,0.43700000000000006,0.272,1,7,3,161,0.318,0.42100000000000004,768
MON,NL,2002,718,83,0.33399999999999996,0.418,0.261,0,,,162,0.32899999999999996,0.42100000000000004,735
NYM,NL,2002,703,75,0.322,0.395,0.256,0,,,161,0.327,0.40299999999999997,690
NYY,AL,2002,697,103,0.354,0.455,0.275,1,1,4,161,0.309,0.395,897
OAK,AL,2002,654,103,0.33899999999999997,0.43200000000000005,0.261,1,1,4,162,0.315,0.384,800
PHI,NL,2002,724,80,0.33899999999999997,0.42200000000000004,0.259,0,,,161,0.32799999999999996,0.401,710
PIT,NL,2002,730,72,0.319,0.381,0.244,0,,,161,0.342,0.423,641
SDP,NL,2002,815,66,0.321,0.381,0.253,0,,,162,0.34600000000000003,0.442,662
SEA,AL,2002,699,93,0.35,0.419,0.275,0,,,162,0.315,0.41,814
SFG,NL,2002,616,95,0.344,0.442,0.267,1,6,2,162,0.319,0.37200000000000005,783
STL,NL,2002,648,97,0.33799999999999997,0.425,0.268,1,5,3,162,0.32299999999999995,0.386,787
TBD,AL,2002,918,55,0.314,0.39,0.253,0,,,161,0.35700000000000004,0.46299999999999997,673
TEX,AL,2002,882,72,0.33799999999999997,0.455,0.26899999999999996,0,,,162,0.355,0.451,843
TOR,AL,2002,828,78,0.327,0.43,0.261,0,,,162,0.344,0.431,813
ANA,AL,2001,730,75,0.327,0.405,0.261,0,,,162,0.331,0.41200000000000003,691
ARI,NL,2001,677,92,0.341,0.442,0.267,1,5,1,162,0.311,0.40399999999999997,818
ATL,NL,2001,643,88,0.324,0.41200000000000003,0.26,1,7,3,162,0.314,0.384,729
BAL,AL,2001,829,63,0.319,0.38,0.248,0,,,162,0.337,0.439,687
BOS,AL,2001,745,82,0.33399999999999996,0.439,0.266,0,,,161,0.32899999999999996,0.39299999999999996,772
CHC,NL,2001,701,88,0.336,0.43,0.261,0,,,162,0.321,0.39799999999999996,777
CHW,AL,2001,795,83,0.33399999999999996,0.451,0.268,0,,,162,0.33399999999999996,0.42700000000000005,798
CIN,NL,2001,850,66,0.324,0.419,0.262,0,,,162,0.341,0.455,735
CLE,AL,2001,821,91,0.35,0.45799999999999996,0.278,1,6,4,162,0.341,0.41700000000000004,897
COL,NL,2001,906,73,0.354,0.483,0.292,0,,,162,0.35,0.48,923
DET,AL,2001,876,66,0.32,0.409,0.26,0,,,162,0.35700000000000004,0.461,724
FLA,NL,2001,744,76,0.326,0.423,0.264,0,,,162,0.33799999999999997,0.41100000000000003,742
HOU,NL,2001,769,93,0.34700000000000003,0.451,0.271,1,4,4,162,0.325,0.43700000000000006,847
KCR,AL,2001,858,65,0.318,0.409,0.266,0,,,162,0.348,0.45,729
LAD,NL,2001,744,86,0.32299999999999995,0.425,0.255,0,,,162,0.32299999999999995,0.41100000000000003,758
MIL,NL,2001,806,68,0.319,0.426,0.251,0,,,162,0.35,0.44,740
MIN,AL,2001,766,85,0.337,0.433,0.272,0,,,162,0.325,0.43700000000000006,771
MON,NL,2001,812,68,0.319,0.396,0.253,0,,,162,0.33899999999999997,0.441,670
NYM,NL,2001,713,82,0.32299999999999995,0.387,0.249,0,,,162,0.314,0.419,642
NYY,AL,2001,713,95,0.33399999999999996,0.435,0.267,1,3,2,161,0.318,0.39799999999999996,804
OAK,AL,2001,645,102,0.345,0.439,0.264,1,2,4,162,0.308,0.38,884
PHI,NL,2001,719,86,0.32899999999999996,0.414,0.26,0,,,162,0.32899999999999996,0.424,746
PIT,NL,2001,858,62,0.313,0.39299999999999996,0.247,0,,,162,0.344,0.433,657
SDP,NL,2001,812,79,0.336,0.39899999999999997,0.252,0,,,162,0.33,0.45,789
SEA,AL,2001,627,116,0.36,0.445,0.28800000000000003,1,1,3,162,0.301,0.37799999999999995,927
SFG,NL,2001,748,90,0.342,0.46,0.266,0,,,162,0.32899999999999996,0.40399999999999997,799
STL,NL,2001,684,93,0.33899999999999997,0.441,0.27,1,4,4,162,0.32799999999999996,0.428,814
TBD,AL,2001,887,62,0.32,0.38799999999999996,0.258,0,,,162,0.345,0.452,672
TEX,AL,2001,968,73,0.344,0.47100000000000003,0.275,0,,,162,0.36200000000000004,0.494,890
TOR,AL,2001,753,80,0.325,0.43,0.263,0,,,162,0.33899999999999997,0.435,767
ANA,AL,2000,869,82,0.35200000000000004,0.47200000000000003,0.28,0,,,162,0.35100000000000003,0.45299999999999996,864
ARI,NL,2000,754,85,0.33299999999999996,0.429,0.265,0,,,162,0.326,0.424,792
ATL,NL,2000,714,95,0.34600000000000003,0.429,0.271,1,2,4,162,0.319,0.402,810
BAL,AL,2000,913,74,0.341,0.435,0.272,0,,,162,0.35200000000000004,0.449,794
BOS,AL,2000,745,85,0.341,0.423,0.267,0,,,162,0.322,0.41100000000000003,792
CHC,NL,2000,904,65,0.335,0.41100000000000003,0.256,0,,,162,0.348,0.452,764
CHW,AL,2000,839,95,0.35600000000000004,0.47,0.28600000000000003,1,2,4,162,0.34600000000000003,0.434,978
CIN,NL,2000,765,85,0.34299999999999997,0.447,0.27399999999999997,0,,,163,0.341,0.43799999999999994,825
CLE,AL,2000,816,90,0.36700000000000005,0.47,0.28800000000000003,0,,,162,0.35,0.425,950
COL,NL,2000,897,82,0.36200000000000004,0.455,0.294,0,,,162,0.354,0.47100000000000003,968
DET,AL,2000,827,79,0.34299999999999997,0.43799999999999994,0.275,0,,,162,0.34,0.44299999999999995,823
FLA,NL,2000,797,79,0.331,0.409,0.262,0,,,161,0.348,0.429,731
HOU,NL,2000,944,72,0.361,0.47700000000000004,0.278,0,,,162,0.353,0.47600000000000003,938
KCR,AL,2000,930,77,0.348,0.425,0.28800000000000003,0,,,162,0.36200000000000004,0.474,879
LAD,NL,2000,729,86,0.341,0.431,0.257,0,,,162,0.332,0.40700000000000003,798
MIL,NL,2000,826,73,0.325,0.40299999999999997,0.24600000000000002,0,,,163,0.35700000000000004,0.42,740
MIN,AL,2000,880,69,0.337,0.40700000000000003,0.27,0,,,162,0.34700000000000003,0.466,748
MON,NL,2000,902,67,0.326,0.43200000000000005,0.266,0,,,162,0.353,0.449,738
NYM,NL,2000,738,94,0.34600000000000003,0.43,0.263,1,3,2,162,0.327,0.40299999999999997,807
NYY,AL,2000,814,87,0.354,0.45,0.27699999999999997,1,5,1,161,0.336,0.42200000000000004,871
OAK,AL,2000,813,91,0.36,0.45799999999999996,0.27,1,4,4,161,0.348,0.423,947
PHI,NL,2000,830,65,0.32899999999999996,0.4,0.251,0,,,162,0.34299999999999997,0.44799999999999995,708
PIT,NL,2000,888,69,0.33899999999999997,0.424,0.267,0,,,162,0.361,0.43200000000000005,793
SDP,NL,2000,815,76,0.33,0.402,0.254,0,,,162,0.34,0.41600000000000004,752
SEA,AL,2000,780,91,0.361,0.442,0.26899999999999996,1,4,3,162,0.33899999999999997,0.41600000000000004,907
SFG,NL,2000,747,97,0.36200000000000004,0.47200000000000003,0.278,1,1,4,162,0.342,0.41200000000000003,925
STL,NL,2000,771,95,0.35600000000000004,0.455,0.27,1,2,3,162,0.33799999999999997,0.434,887
TBD,AL,2000,842,69,0.32899999999999996,0.39899999999999997,0.257,0,,,161,0.345,0.451,733
TEX,AL,2000,974,71,0.35200000000000004,0.446,0.28300000000000003,0,,,162,0.369,0.475,848
TOR,AL,2000,908,83,0.341,0.469,0.275,0,,,162,0.354,0.456,861
ANA,AL,1999,826,70,0.322,0.395,0.256,0,,,162,0.34600000000000003,0.42700000000000005,711
ARI,NL,1999,676,100,0.34700000000000003,0.45899999999999996,0.27699999999999997,1,2,4,162,0.32,0.402,908
ATL,NL,1999,661,103,0.341,0.436,0.266,1,1,2,162,0.314,0.377,840
BAL,AL,1999,815,78,0.353,0.447,0.27899999999999997,0,,,162,0.35,0.441,851
BOS,AL,1999,718,94,0.35,0.44799999999999995,0.278,1,6,3,162,0.315,0.39799999999999996,836
CHC,NL,1999,920,67,0.32899999999999996,0.42,0.257,0,,,162,0.34600000000000003,0.467,747
CHW,AL,1999,870,75,0.337,0.429,0.27699999999999997,0,,,162,0.353,0.447,777
CIN,NL,1999,711,96,0.341,0.451,0.272,0,,,163,0.324,0.41100000000000003,865
CLE,AL,1999,860,97,0.373,0.467,0.289,1,4,4,162,0.34700000000000003,0.439,1009
COL,NL,1999,1028,72,0.348,0.47200000000000003,0.28800000000000003,0,,,162,0.384,0.499,906
DET,AL,1999,882,69,0.326,0.44299999999999995,0.261,0,,,161,0.349,0.451,747
FLA,NL,1999,852,64,0.325,0.395,0.263,0,,,162,0.359,0.44,691
HOU,NL,1999,675,97,0.355,0.42,0.267,1,4,4,162,0.326,0.397,823
KCR,AL,1999,921,64,0.348,0.433,0.282,0,,,161,0.365,0.45399999999999996,856
LAD,NL,1999,787,77,0.33899999999999997,0.42,0.266,0,,,162,0.336,0.42200000000000004,793
MIL,NL,1999,886,74,0.353,0.426,0.273,0,,,161,0.35600000000000004,0.457,815
MIN,AL,1999,845,63,0.32799999999999996,0.384,0.264,0,,,161,0.342,0.465,686
MON,NL,1999,853,68,0.32299999999999995,0.42700000000000005,0.265,0,,,162,0.342,0.418,718
NYM,NL,1999,711,97,0.363,0.434,0.27899999999999997,1,4,3,163,0.331,0.418,853
NYY,AL,1999,731,98,0.366,0.45299999999999996,0.282,1,3,1,162,0.32899999999999996,0.4,900
OAK,AL,1999,846,87,0.355,0.446,0.259,0,,,162,0.344,0.428,893
PHI,NL,1999,846,77,0.35100000000000003,0.431,0.275,0,,,162,0.34700000000000003,0.447,841
PIT,NL,1999,782,78,0.33399999999999996,0.419,0.259,0,,,161,0.34299999999999997,0.42,775
SDP,NL,1999,781,74,0.332,0.39299999999999996,0.252,0,,,162,0.33299999999999996,0.43,710
SEA,AL,1999,905,79,0.34299999999999997,0.455,0.26899999999999996,0,,,162,0.368,0.45399999999999996,859
SFG,NL,1999,831,86,0.35600000000000004,0.434,0.271,0,,,162,0.345,0.423,872
STL,NL,1999,838,75,0.33799999999999997,0.426,0.262,0,,,161,0.355,0.42700000000000005,809
TBD,AL,1999,913,69,0.34299999999999997,0.41100000000000003,0.27399999999999997,0,,,162,0.371,0.44799999999999995,772
TEX,AL,1999,859,95,0.361,0.479,0.293,1,5,4,162,0.34600000000000003,0.45899999999999996,945
TOR,AL,1999,862,84,0.35200000000000004,0.457,0.28,0,,,162,0.353,0.456,883
ANA,AL,1998,783,85,0.335,0.415,0.272,0,,,162,,,787
ARI,NL,1998,812,65,0.314,0.39299999999999996,0.24600000000000002,0,,,162,,,665
ATL,NL,1998,581,106,0.342,0.45299999999999996,0.272,1,2,3,162,,,826
BAL,AL,1998,785,79,0.34700000000000003,0.447,0.273,0,,,162,,,817
BOS,AL,1998,729,92,0.348,0.46299999999999997,0.28,1,5,4,162,,,876
CHC,NL,1998,792,90,0.337,0.433,0.264,1,6,4,163,,,831
CHW,AL,1998,931,80,0.33899999999999997,0.444,0.271,0,,,163,,,861
CIN,NL,1998,760,77,0.337,0.402,0.262,0,,,162,,,750
CLE,AL,1998,779,89,0.34700000000000003,0.44799999999999995,0.272,1,7,3,162,,,850
COL,NL,1998,855,77,0.34700000000000003,0.461,0.29100000000000004,0,,,162,,,826
DET,AL,1998,863,65,0.32299999999999995,0.415,0.264,0,,,162,,,722
FLA,NL,1998,923,54,0.317,0.373,0.248,0,,,162,,,667
HOU,NL,1998,620,102,0.35600000000000004,0.436,0.28,1,3,4,162,,,874
KCR,AL,1998,899,72,0.324,0.39899999999999997,0.263,0,,,161,,,714
LAD,NL,1998,678,83,0.31,0.387,0.252,0,,,162,,,669
MIL,NL,1998,812,74,0.33,0.396,0.26,0,,,162,,,707
MIN,AL,1998,818,70,0.32799999999999996,0.389,0.266,0,,,162,,,734
MON,NL,1998,783,65,0.31,0.39399999999999996,0.249,0,,,162,,,644
NYM,NL,1998,645,88,0.33,0.39399999999999996,0.259,0,,,162,,,706
NYY,AL,1998,656,114,0.364,0.46,0.28800000000000003,1,1,1,162,,,965
OAK,AL,1998,866,74,0.33799999999999997,0.397,0.257,0,,,162,,,804
PHI,NL,1998,808,75,0.326,0.395,0.264,0,,,162,,,713
PIT,NL,1998,718,69,0.311,0.374,0.254,0,,,163,,,650
SDP,NL,1998,635,98,0.33,0.409,0.253,1,4,2,162,,,749
SEA,AL,1998,855,76,0.345,0.46799999999999997,0.276,0,,,161,,,859
SFG,NL,1998,739,89,0.353,0.42100000000000004,0.27399999999999997,0,,,163,,,845
STL,NL,1998,782,83,0.341,0.441,0.258,0,,,163,,,810
TBD,AL,1998,751,63,0.321,0.385,0.261,0,,,162,,,620
TEX,AL,1998,871,88,0.35700000000000004,0.462,0.289,1,8,4,162,,,940
TOR,AL,1998,768,88,0.34,0.44799999999999995,0.266,0,,,163,,,816
ANA,AL,1997,794,84,0.34600000000000003,0.41600000000000004,0.272,0,,,162,,,829
ATL,NL,1997,581,101,0.34299999999999997,0.426,0.27,1,1,3,162,,,791
BAL,AL,1997,681,98,0.341,0.429,0.268,1,2,3,162,,,812
BOS,AL,1997,857,78,0.35200000000000004,0.46299999999999997,0.29100000000000004,0,,,162,,,851
CHC,NL,1997,759,68,0.321,0.396,0.263,0,,,162,,,687
CHW,AL,1997,833,80,0.341,0.41700000000000004,0.273,0,,,161,,,779
CIN,NL,1997,764,76,0.321,0.389,0.253,0,,,162,,,651
CLE,AL,1997,815,86,0.358,0.467,0.28600000000000003,1,6,2,161,,,868
COL,NL,1997,908,83,0.35700000000000004,0.478,0.28800000000000003,0,,,162,,,923
DET,AL,1997,790,79,0.332,0.415,0.258,0,,,162,,,784
FLA,NL,1997,669,92,0.34600000000000003,0.395,0.259,1,4,1,162,,,740
HOU,NL,1997,660,84,0.344,0.40299999999999997,0.259,1,7,4,162,,,777
KCR,AL,1997,820,67,0.33299999999999996,0.40700000000000003,0.264,0,,,161,,,747
LAD,NL,1997,645,88,0.33,0.418,0.268,0,,,162,,,742
MIL,AL,1997,742,78,0.325,0.39799999999999996,0.26,0,,,161,,,681
MIN,AL,1997,861,68,0.33299999999999996,0.409,0.27,0,,,162,,,772
MON,NL,1997,740,78,0.316,0.425,0.258,0,,,162,,,691
NYM,NL,1997,709,88,0.332,0.405,0.262,0,,,162,,,777
NYY,AL,1997,688,96,0.36200000000000004,0.436,0.287,1,3,4,162,,,891
OAK,AL,1997,946,65,0.33899999999999997,0.423,0.26,0,,,162,,,764
PHI,NL,1997,840,68,0.322,0.385,0.255,0,,,162,,,668
PIT,NL,1997,760,79,0.32899999999999996,0.40399999999999997,0.262,0,,,162,,,725
SDP,NL,1997,891,76,0.342,0.40700000000000003,0.271,0,,,162,,,795
SEA,AL,1997,833,90,0.355,0.485,0.28,1,5,4,162,,,925
SFG,NL,1997,793,90,0.337,0.414,0.258,1,5,4,162,,,784
STL,NL,1997,708,73,0.324,0.396,0.255,0,,,162,,,689
TEX,AL,1997,823,77,0.33399999999999996,0.43799999999999994,0.27399999999999997,0,,,162,,,807
TOR,AL,1997,694,76,0.31,0.389,0.244,0,,,162,,,654
ATL,NL,1996,648,96,0.33299999999999996,0.43200000000000005,0.27,1,2,2,162,,,773
BAL,AL,1996,903,88,0.35,0.47200000000000003,0.27399999999999997,1,6,3,163,,,949
BOS,AL,1996,921,85,0.359,0.457,0.28300000000000003,0,,,162,,,928
CAL,AL,1996,943,70,0.33899999999999997,0.431,0.276,0,,,161,,,762
CHC,NL,1996,771,76,0.32,0.401,0.251,0,,,162,,,772
CHW,AL,1996,794,85,0.36,0.447,0.281,0,,,162,,,898
CIN,NL,1996,773,81,0.331,0.42200000000000004,0.256,0,,,162,,,778
CLE,AL,1996,769,99,0.369,0.475,0.293,1,1,4,161,,,952
COL,NL,1996,964,83,0.355,0.47200000000000003,0.287,0,,,162,,,961
DET,AL,1996,1103,53,0.32299999999999995,0.42,0.256,0,,,162,,,783
FLA,NL,1996,703,80,0.32899999999999996,0.39299999999999996,0.257,0,,,162,,,688
HOU,NL,1996,792,82,0.336,0.397,0.262,0,,,162,,,753
KCR,AL,1996,786,75,0.332,0.39799999999999996,0.267,0,,,161,,,746
LAD,NL,1996,652,90,0.316,0.384,0.252,1,5,4,162,,,703
MIL,AL,1996,899,80,0.353,0.441,0.27899999999999997,0,,,162,,,894
MIN,AL,1996,900,78,0.35700000000000004,0.425,0.28800000000000003,0,,,162,,,877
MON,NL,1996,668,88,0.327,0.406,0.262,0,,,162,,,741
NYM,NL,1996,779,71,0.324,0.41200000000000003,0.27,0,,,162,,,746
NYY,AL,1996,787,92,0.36,0.436,0.28800000000000003,1,3,1,162,,,871
OAK,AL,1996,900,78,0.344,0.452,0.265,0,,,162,,,861
PHI,NL,1996,790,67,0.325,0.387,0.256,0,,,162,,,650
PIT,NL,1996,833,73,0.32899999999999996,0.40700000000000003,0.266,0,,,162,,,776
SDP,NL,1996,682,91,0.33799999999999997,0.402,0.265,1,4,4,162,,,771
SEA,AL,1996,895,85,0.366,0.484,0.287,0,,,161,,,993
SFG,NL,1996,862,68,0.331,0.38799999999999996,0.253,0,,,162,,,752
STL,NL,1996,706,88,0.33,0.40700000000000003,0.267,1,6,3,162,,,759
TEX,AL,1996,799,90,0.358,0.469,0.284,1,5,4,163,,,928
TOR,AL,1996,809,74,0.331,0.42,0.259,0,,,162,,,766
ATL,NL,1993,559,104,0.331,0.408,0.262,1,1,3,162,,,767
BAL,AL,1993,745,85,0.34600000000000003,0.413,0.267,0,,,162,,,786
BOS,AL,1993,698,80,0.33,0.395,0.264,0,,,162,,,686
CAL,AL,1993,770,71,0.331,0.38,0.26,0,,,162,,,684
CHC,NL,1993,739,84,0.325,0.414,0.27,0,,,163,,,738
CHW,AL,1993,664,94,0.33799999999999997,0.41100000000000003,0.265,1,4,3,162,,,776
CIN,NL,1993,785,73,0.324,0.396,0.264,0,,,162,,,722
CLE,AL,1993,813,76,0.335,0.409,0.275,0,,,162,,,790
COL,NL,1993,967,67,0.32299999999999995,0.42200000000000004,0.273,0,,,162,,,758
DET,AL,1993,837,85,0.36200000000000004,0.434,0.275,0,,,162,,,899
FLA,NL,1993,724,64,0.314,0.34600000000000003,0.248,0,,,162,,,581
HOU,NL,1993,630,85,0.33,0.409,0.267,0,,,162,,,716
KCR,AL,1993,694,84,0.32,0.397,0.263,0,,,162,,,675
LAD,NL,1993,662,81,0.321,0.38299999999999995,0.261,0,,,162,,,675
MIL,AL,1993,792,69,0.32799999999999996,0.37799999999999995,0.258,0,,,162,,,733
MIN,AL,1993,830,71,0.327,0.385,0.264,0,,,162,,,693
MON,NL,1993,682,94,0.326,0.386,0.257,0,,,163,,,732
NYM,NL,1993,744,59,0.305,0.39,0.248,0,,,162,,,672
NYY,AL,1993,761,88,0.353,0.435,0.27899999999999997,0,,,162,,,821
OAK,AL,1993,846,68,0.33,0.39399999999999996,0.254,0,,,162,,,715
PHI,NL,1993,740,97,0.35100000000000003,0.426,0.27399999999999997,1,2,2,162,,,877
PIT,NL,1993,806,75,0.335,0.39299999999999996,0.267,0,,,162,,,707
SDP,NL,1993,772,61,0.312,0.389,0.252,0,,,162,,,679
SEA,AL,1993,731,82,0.33899999999999997,0.406,0.26,0,,,162,,,734
SFG,NL,1993,636,103,0.34,0.42700000000000005,0.276,0,,,162,,,808
STL,NL,1993,744,87,0.341,0.395,0.272,0,,,162,,,758
TEX,AL,1993,751,86,0.32899999999999996,0.431,0.267,0,,,162,,,835
TOR,AL,1993,742,95,0.35,0.436,0.27899999999999997,1,3,1,162,,,847
ATL,NL,1992,569,98,0.316,0.38799999999999996,0.254,1,1,2,162,,,682
BAL,AL,1992,656,89,0.34,0.39799999999999996,0.259,0,,,162,,,705
BOS,AL,1992,669,73,0.321,0.34700000000000003,0.24600000000000002,0,,,162,,,599
CAL,AL,1992,671,72,0.301,0.33799999999999997,0.243,0,,,162,,,579
CHC,NL,1992,624,78,0.307,0.364,0.254,0,,,162,,,593
CHW,AL,1992,690,86,0.336,0.38299999999999995,0.261,0,,,162,,,738
CIN,NL,1992,609,90,0.32799999999999996,0.382,0.26,0,,,162,,,660
CLE,AL,1992,746,76,0.32299999999999995,0.38299999999999995,0.266,0,,,162,,,674
DET,AL,1992,794,75,0.337,0.40700000000000003,0.256,0,,,162,,,791
HOU,NL,1992,668,81,0.313,0.359,0.24600000000000002,0,,,162,,,608
KCR,AL,1992,667,72,0.315,0.364,0.256,0,,,162,,,610
LAD,NL,1992,636,63,0.313,0.33899999999999997,0.248,0,,,162,,,548
MIL,AL,1992,604,92,0.33,0.375,0.268,0,,,162,,,740
MIN,AL,1992,653,90,0.341,0.391,0.27699999999999997,0,,,162,,,747
MON,NL,1992,581,87,0.313,0.37,0.252,0,,,162,,,648
NYM,NL,1992,653,72,0.31,0.342,0.235,0,,,162,,,599
NYY,AL,1992,746,76,0.32799999999999996,0.406,0.261,0,,,162,,,733
OAK,AL,1992,672,96,0.34600000000000003,0.386,0.258,1,2,3,162,,,745
PHI,NL,1992,717,70,0.32,0.377,0.253,0,,,162,,,686
PIT,NL,1992,595,96,0.324,0.381,0.255,1,2,3,162,,,693
SDP,NL,1992,636,82,0.313,0.386,0.255,0,,,162,,,617
SEA,AL,1992,799,64,0.32299999999999995,0.402,0.263,0,,,162,,,679
SFG,NL,1992,647,72,0.302,0.355,0.244,0,,,162,,,574
STL,NL,1992,604,83,0.32299999999999995,0.375,0.262,0,,,162,,,631
TEX,AL,1992,753,77,0.321,0.39299999999999996,0.25,0,,,162,,,682
TOR,AL,1992,682,96,0.33299999999999996,0.414,0.263,1,2,1,162,,,780
ATL,NL,1991,644,94,0.32799999999999996,0.39299999999999996,0.258,1,3,2,162,,,749
BAL,AL,1991,796,67,0.319,0.401,0.254,0,,,162,,,686
BOS,AL,1991,712,84,0.34,0.401,0.26899999999999996,0,,,162,,,731
CAL,AL,1991,649,81,0.314,0.374,0.255,0,,,162,,,653
CHC,NL,1991,734,77,0.309,0.39,0.253,0,,,160,,,695
CHW,AL,1991,681,87,0.336,0.391,0.262,0,,,162,,,758
CIN,NL,1991,691,74,0.32,0.40299999999999997,0.258,0,,,162,,,689
CLE,AL,1991,759,57,0.313,0.35,0.254,0,,,162,,,576
DET,AL,1991,794,84,0.33299999999999996,0.41600000000000004,0.247,0,,,162,,,817
HOU,NL,1991,717,65,0.309,0.34700000000000003,0.244,0,,,162,,,605
KCR,AL,1991,722,82,0.32799999999999996,0.39399999999999996,0.264,0,,,162,,,727
LAD,NL,1991,565,93,0.326,0.359,0.253,0,,,162,,,665
MIL,AL,1991,744,83,0.336,0.396,0.271,0,,,162,,,799
MIN,AL,1991,652,95,0.344,0.42,0.28,1,2,1,162,,,776
MON,NL,1991,655,71,0.308,0.35700000000000004,0.24600000000000002,0,,,161,,,579
NYM,NL,1991,646,77,0.317,0.365,0.244,0,,,161,,,640
NYY,AL,1991,777,71,0.316,0.387,0.256,0,,,162,,,674
OAK,AL,1991,776,84,0.331,0.389,0.248,0,,,162,,,760
PHI,NL,1991,680,78,0.303,0.358,0.24100000000000002,0,,,162,,,629
PIT,NL,1991,632,98,0.33799999999999997,0.39799999999999996,0.263,1,1,3,162,,,768
SDP,NL,1991,646,84,0.31,0.36200000000000004,0.244,0,,,162,,,636
SEA,AL,1991,674,83,0.32799999999999996,0.38299999999999995,0.255,0,,,162,,,702
SFG,NL,1991,697,75,0.309,0.381,0.24600000000000002,0,,,162,,,649
STL,NL,1991,648,84,0.322,0.35700000000000004,0.255,0,,,162,,,651
TEX,AL,1991,814,85,0.341,0.424,0.27,0,,,162,,,829
TOR,AL,1991,622,91,0.322,0.4,0.257,1,4,3,162,,,684
ATL,NL,1990,821,65,0.311,0.396,0.25,0,,,162,,,682
BAL,AL,1990,698,76,0.33,0.37,0.245,0,,,161,,,669
BOS,AL,1990,664,88,0.344,0.395,0.272,1,4,3,162,,,699
CAL,AL,1990,706,80,0.32899999999999996,0.391,0.26,0,,,162,,,690
CHC,NL,1990,774,77,0.314,0.392,0.263,0,,,162,,,690
CHW,AL,1990,633,94,0.32,0.379,0.258,0,,,162,,,682
CIN,NL,1990,597,91,0.325,0.39899999999999997,0.265,1,3,1,162,,,693
CLE,AL,1990,737,77,0.324,0.391,0.267,0,,,162,,,732
DET,AL,1990,754,79,0.337,0.409,0.259,0,,,162,,,750
HOU,NL,1990,656,75,0.313,0.345,0.242,0,,,162,,,573
KCR,AL,1990,709,75,0.32799999999999996,0.395,0.267,0,,,161,,,707
LAD,NL,1990,685,86,0.32799999999999996,0.382,0.262,0,,,162,,,728
MIL,AL,1990,760,74,0.32,0.384,0.256,0,,,162,,,732
MIN,AL,1990,729,74,0.324,0.385,0.265,0,,,162,,,666
MON,NL,1990,598,85,0.322,0.37,0.25,0,,,162,,,662
NYM,NL,1990,613,91,0.32299999999999995,0.408,0.256,0,,,162,,,775
NYY,AL,1990,749,67,0.3,0.366,0.24100000000000002,0,,,162,,,603
OAK,AL,1990,570,103,0.336,0.391,0.254,1,1,2,162,,,733
PHI,NL,1990,729,77,0.327,0.363,0.255,0,,,162,,,646
PIT,NL,1990,619,95,0.33,0.405,0.259,1,2,3,162,,,733
SDP,NL,1990,673,75,0.32,0.38,0.257,0,,,162,,,673
SEA,AL,1990,680,77,0.33299999999999996,0.373,0.259,0,,,162,,,640
SFG,NL,1990,710,85,0.32299999999999995,0.396,0.262,0,,,162,,,719
STL,NL,1990,698,70,0.32,0.358,0.256,0,,,162,,,599
TEX,AL,1990,696,83,0.331,0.376,0.259,0,,,162,,,676
TOR,AL,1990,661,86,0.32799999999999996,0.419,0.265,0,,,162,,,767
ATL,NL,1989,680,63,0.298,0.35,0.23399999999999999,0,,,161,,,584
BAL,AL,1989,686,87,0.326,0.379,0.252,0,,,162,,,708
BOS,AL,1989,735,83,0.35100000000000003,0.40299999999999997,0.27699999999999997,0,,,162,,,774
CAL,AL,1989,578,91,0.311,0.386,0.256,0,,,162,,,669
CHC,NL,1989,623,93,0.319,0.387,0.261,1,2,3,162,,,702
CHW,AL,1989,750,69,0.32799999999999996,0.38299999999999995,0.271,0,,,161,,,693
CIN,NL,1989,691,75,0.309,0.37,0.247,0,,,162,,,632
CLE,AL,1989,654,73,0.31,0.365,0.245,0,,,162,,,604
DET,AL,1989,816,59,0.318,0.35100000000000003,0.242,0,,,162,,,617
HOU,NL,1989,669,86,0.306,0.345,0.239,0,,,162,,,647
KCR,AL,1989,635,92,0.32899999999999996,0.373,0.261,0,,,162,,,690
LAD,NL,1989,536,77,0.306,0.33899999999999997,0.24,0,,,160,,,554
MIL,AL,1989,679,81,0.318,0.382,0.259,0,,,162,,,707
MIN,AL,1989,738,80,0.33399999999999996,0.402,0.276,0,,,162,,,740
MON,NL,1989,630,81,0.319,0.361,0.247,0,,,162,,,632
NYM,NL,1989,595,87,0.311,0.385,0.24600000000000002,0,,,162,,,683
NYY,AL,1989,792,74,0.331,0.391,0.26899999999999996,0,,,161,,,698
OAK,AL,1989,576,99,0.331,0.381,0.261,1,1,1,162,,,712
PHI,NL,1989,735,67,0.314,0.364,0.243,0,,,163,,,629
PIT,NL,1989,680,74,0.311,0.359,0.24100000000000002,0,,,164,,,637
SDP,NL,1989,626,89,0.319,0.369,0.251,0,,,162,,,642
SEA,AL,1989,728,73,0.32,0.384,0.257,0,,,162,,,694
SFG,NL,1989,600,92,0.316,0.39,0.25,1,3,2,162,,,699
STL,NL,1989,608,86,0.321,0.363,0.258,0,,,164,,,632
TEX,AL,1989,714,83,0.326,0.39399999999999996,0.263,0,,,162,,,695
TOR,AL,1989,651,89,0.32299999999999995,0.39799999999999996,0.26,1,4,3,162,,,731
ATL,NL,1988,741,54,0.298,0.348,0.242,0,,,160,,,555
BAL,AL,1988,789,54,0.305,0.359,0.23800000000000002,0,,,161,,,550
BOS,AL,1988,689,89,0.35700000000000004,0.42,0.28300000000000003,1,4,3,162,,,813
CAL,AL,1988,771,75,0.321,0.385,0.261,0,,,162,,,714
CHC,NL,1988,694,77,0.31,0.38299999999999995,0.261,0,,,163,,,660
CHW,AL,1988,757,71,0.303,0.37,0.244,0,,,161,,,631
CIN,NL,1988,596,87,0.309,0.368,0.24600000000000002,0,,,161,,,641
CLE,AL,1988,731,78,0.314,0.387,0.261,0,,,162,,,666
DET,AL,1988,658,88,0.324,0.37799999999999995,0.25,0,,,162,,,703
HOU,NL,1988,631,82,0.306,0.35100000000000003,0.244,0,,,162,,,617
KCR,AL,1988,648,84,0.321,0.391,0.259,0,,,161,,,704
LAD,NL,1988,544,94,0.305,0.35200000000000004,0.248,1,3,1,162,,,628
MIL,AL,1988,616,87,0.314,0.375,0.257,0,,,162,,,682
MIN,AL,1988,672,91,0.34,0.42100000000000004,0.27399999999999997,0,,,162,,,759
MON,NL,1988,592,81,0.309,0.373,0.251,0,,,163,,,628
NYM,NL,1988,532,100,0.325,0.396,0.256,1,2,3,160,,,703
NYY,AL,1988,748,85,0.33299999999999996,0.395,0.263,0,,,161,,,772
OAK,AL,1988,620,104,0.336,0.39899999999999997,0.263,1,1,2,162,,,800
PHI,NL,1988,734,65,0.306,0.355,0.239,0,,,162,,,597
PIT,NL,1988,616,85,0.317,0.369,0.247,0,,,160,,,651
SDP,NL,1988,583,83,0.31,0.35100000000000003,0.247,0,,,161,,,594
SEA,AL,1988,744,68,0.317,0.39799999999999996,0.257,0,,,161,,,664
SFG,NL,1988,626,83,0.318,0.368,0.248,0,,,162,,,670
STL,NL,1988,633,76,0.309,0.337,0.249,0,,,162,,,578
TEX,AL,1988,735,70,0.32,0.368,0.252,0,,,161,,,637
TOR,AL,1988,680,87,0.332,0.419,0.268,0,,,162,,,763
ATL,NL,1987,829,69,0.33899999999999997,0.40299999999999997,0.258,0,,,161,,,747
BAL,AL,1987,880,67,0.322,0.418,0.258,0,,,162,,,729
BOS,AL,1987,825,78,0.35200000000000004,0.43,0.278,0,,,162,,,842
CAL,AL,1987,803,75,0.326,0.401,0.252,0,,,162,,,770
CHC,NL,1987,801,76,0.326,0.43200000000000005,0.264,0,,,161,,,720
CHW,AL,1987,746,77,0.319,0.415,0.258,0,,,162,,,748
CIN,NL,1987,752,84,0.33,0.42700000000000005,0.266,0,,,162,,,783
CLE,AL,1987,957,61,0.324,0.42200000000000004,0.263,0,,,162,,,742
DET,AL,1987,735,98,0.349,0.451,0.272,1,1,3,162,,,896
HOU,NL,1987,678,76,0.318,0.373,0.253,0,,,162,,,648
KCR,AL,1987,691,83,0.32799999999999996,0.41200000000000003,0.262,0,,,162,,,715
LAD,NL,1987,675,73,0.309,0.371,0.252,0,,,162,,,635
MIL,AL,1987,817,91,0.34600000000000003,0.428,0.276,0,,,162,,,862
MIN,AL,1987,806,85,0.32799999999999996,0.43,0.261,1,4,1,162,,,786
MON,NL,1987,720,91,0.32799999999999996,0.401,0.265,0,,,162,,,741
NYM,NL,1987,698,92,0.33899999999999997,0.434,0.268,0,,,162,,,823
NYY,AL,1987,758,89,0.336,0.418,0.262,0,,,162,,,788
OAK,AL,1987,789,81,0.33299999999999996,0.428,0.26,0,,,162,,,806
PHI,NL,1987,749,80,0.327,0.41,0.254,0,,,162,,,702
PIT,NL,1987,744,80,0.33,0.40299999999999997,0.264,0,,,162,,,723
SDP,NL,1987,763,65,0.332,0.37799999999999995,0.26,0,,,162,,,668
SEA,AL,1987,801,78,0.335,0.428,0.272,0,,,162,,,760
SFG,NL,1987,669,90,0.324,0.43,0.26,1,3,3,162,,,783
STL,NL,1987,693,95,0.34,0.37799999999999995,0.263,1,2,2,162,,,798
TEX,AL,1987,849,75,0.33299999999999996,0.43,0.266,0,,,162,,,823
TOR,AL,1987,655,96,0.336,0.446,0.26899999999999996,0,,,162,,,845
ATL,NL,1986,719,72,0.319,0.381,0.25,0,,,161,,,615
BAL,AL,1986,760,73,0.327,0.395,0.258,0,,,162,,,708
BOS,AL,1986,696,95,0.34600000000000003,0.415,0.271,1,3,2,161,,,794
CAL,AL,1986,684,92,0.33799999999999997,0.40399999999999997,0.255,1,4,3,162,,,786
CHC,NL,1986,781,70,0.318,0.39799999999999996,0.256,0,,,160,,,680
CHW,AL,1986,699,72,0.31,0.363,0.247,0,,,162,,,644
CIN,NL,1986,717,86,0.325,0.387,0.254,0,,,162,,,732
CLE,AL,1986,841,84,0.337,0.43,0.284,0,,,163,,,831
DET,AL,1986,714,87,0.33799999999999997,0.424,0.263,0,,,162,,,798
HOU,NL,1986,569,96,0.322,0.381,0.255,1,2,3,162,,,654
KCR,AL,1986,673,76,0.313,0.39,0.252,0,,,162,,,654
LAD,NL,1986,679,73,0.313,0.37,0.251,0,,,162,,,638
MIL,AL,1986,734,77,0.321,0.385,0.255,0,,,161,,,667
MIN,AL,1986,839,71,0.325,0.428,0.261,0,,,162,,,741
MON,NL,1986,688,78,0.322,0.379,0.254,0,,,161,,,637
NYM,NL,1986,578,108,0.33899999999999997,0.401,0.263,1,1,1,162,,,783
NYY,AL,1986,738,90,0.34700000000000003,0.43,0.271,0,,,162,,,797
OAK,AL,1986,760,76,0.322,0.39,0.252,0,,,162,,,731
PHI,NL,1986,713,86,0.327,0.4,0.253,0,,,161,,,739
PIT,NL,1986,700,64,0.321,0.374,0.25,0,,,162,,,663
SDP,NL,1986,723,74,0.321,0.38799999999999996,0.261,0,,,162,,,656
SEA,AL,1986,835,67,0.326,0.39899999999999997,0.253,0,,,162,,,718
SFG,NL,1986,618,83,0.322,0.375,0.253,0,,,162,,,698
STL,NL,1986,611,79,0.309,0.327,0.23600000000000002,0,,,161,,,601
TEX,AL,1986,743,87,0.331,0.428,0.267,0,,,162,,,771
TOR,AL,1986,733,86,0.32899999999999996,0.42700000000000005,0.26899999999999996,0,,,163,,,809
ATL,NL,1985,781,66,0.315,0.363,0.24600000000000002,0,,,162,,,632
BAL,AL,1985,764,83,0.336,0.43,0.263,0,,,161,,,818
BOS,AL,1985,720,81,0.34700000000000003,0.429,0.282,0,,,163,,,800
CAL,AL,1985,703,90,0.33299999999999996,0.386,0.251,0,,,162,,,732
CHC,NL,1985,729,77,0.324,0.39,0.254,0,,,162,,,686
CHW,AL,1985,720,85,0.315,0.392,0.253,0,,,163,,,736
CIN,NL,1985,666,89,0.327,0.376,0.255,0,,,162,,,677
CLE,AL,1985,861,60,0.324,0.385,0.265,0,,,162,,,729
DET,AL,1985,688,84,0.318,0.424,0.253,0,,,161,,,729
HOU,NL,1985,691,83,0.319,0.38799999999999996,0.261,0,,,162,,,706
KCR,AL,1985,639,91,0.313,0.401,0.252,1,4,1,162,,,687
LAD,NL,1985,579,95,0.32799999999999996,0.382,0.261,1,3,3,162,,,682
MIL,AL,1985,802,71,0.319,0.379,0.263,0,,,161,,,690
MIN,AL,1985,782,77,0.326,0.40700000000000003,0.264,0,,,162,,,705
MON,NL,1985,636,84,0.31,0.375,0.247,0,,,161,,,633
NYM,NL,1985,568,98,0.32299999999999995,0.385,0.257,0,,,162,,,695
NYY,AL,1985,660,97,0.344,0.425,0.267,0,,,161,,,839
OAK,AL,1985,787,77,0.325,0.401,0.264,0,,,162,,,757
PHI,NL,1985,673,75,0.312,0.38299999999999995,0.245,0,,,162,,,667
PIT,NL,1985,708,57,0.311,0.34700000000000003,0.247,0,,,161,,,568
SDP,NL,1985,622,83,0.32,0.368,0.255,0,,,162,,,650
SEA,AL,1985,818,74,0.326,0.41200000000000003,0.255,0,,,162,,,719
SFG,NL,1985,674,62,0.299,0.348,0.233,0,,,162,,,556
STL,NL,1985,572,101,0.335,0.379,0.264,1,1,2,162,,,747
TEX,AL,1985,785,62,0.322,0.381,0.253,0,,,161,,,617
TOR,AL,1985,588,99,0.331,0.425,0.26899999999999996,1,2,3,161,,,759
ATL,NL,1984,655,80,0.317,0.361,0.247,0,,,162,,,632
BAL,AL,1984,667,85,0.32799999999999996,0.391,0.252,0,,,162,,,681
BOS,AL,1984,764,86,0.341,0.441,0.28300000000000003,0,,,162,,,810
CAL,AL,1984,697,81,0.319,0.381,0.249,0,,,162,,,696
CHC,NL,1984,658,96,0.331,0.397,0.26,1,2,3,161,,,762
CHW,AL,1984,736,74,0.314,0.395,0.247,0,,,162,,,679
CIN,NL,1984,747,70,0.313,0.35600000000000004,0.244,0,,,162,,,627
CLE,AL,1984,766,75,0.335,0.384,0.265,0,,,163,,,761
DET,AL,1984,643,104,0.342,0.43200000000000005,0.271,1,1,1,162,,,829
HOU,NL,1984,630,80,0.32299999999999995,0.371,0.264,0,,,162,,,693
KCR,AL,1984,686,84,0.317,0.39899999999999997,0.268,1,4,3,162,,,673
LAD,NL,1984,600,79,0.306,0.348,0.244,0,,,162,,,580
MIL,AL,1984,734,67,0.317,0.37,0.262,0,,,161,,,641
MIN,AL,1984,675,81,0.318,0.385,0.265,0,,,162,,,673
MON,NL,1984,585,78,0.312,0.36200000000000004,0.251,0,,,161,,,593
NYM,NL,1984,676,90,0.32,0.369,0.257,0,,,162,,,652
NYY,AL,1984,679,87,0.33899999999999997,0.40399999999999997,0.276,0,,,162,,,758
OAK,AL,1984,796,77,0.327,0.40399999999999997,0.259,0,,,162,,,738
PHI,NL,1984,690,81,0.33299999999999996,0.40700000000000003,0.266,0,,,162,,,720
PIT,NL,1984,567,75,0.31,0.363,0.255,0,,,162,,,615
SDP,NL,1984,634,92,0.317,0.371,0.259,1,3,2,162,,,686
SEA,AL,1984,774,74,0.324,0.384,0.258,0,,,162,,,682
SFG,NL,1984,807,66,0.32799999999999996,0.375,0.265,0,,,162,,,682
STL,NL,1984,645,84,0.317,0.35100000000000003,0.252,0,,,162,,,652
TEX,AL,1984,714,69,0.313,0.377,0.261,0,,,161,,,656
TOR,AL,1984,696,89,0.331,0.42100000000000004,0.273,0,,,163,,,750
ATL,NL,1983,640,88,0.341,0.4,0.272,0,,,162,,,746
BAL,AL,1983,652,98,0.34,0.42100000000000004,0.26899999999999996,1,2,1,162,,,799
BOS,AL,1983,775,78,0.335,0.409,0.27,0,,,162,,,724
CAL,AL,1983,779,70,0.322,0.39299999999999996,0.26,0,,,162,,,722
CHC,NL,1983,719,71,0.319,0.401,0.261,0,,,162,,,701
CHW,AL,1983,650,99,0.32899999999999996,0.413,0.262,1,1,3,162,,,800
CIN,NL,1983,710,74,0.314,0.35600000000000004,0.239,0,,,162,,,623
CLE,AL,1983,785,70,0.33799999999999997,0.369,0.265,0,,,162,,,704
DET,AL,1983,679,92,0.335,0.42700000000000005,0.27399999999999997,0,,,162,,,789
HOU,NL,1983,646,85,0.32,0.375,0.257,0,,,162,,,643
KCR,AL,1983,767,79,0.32,0.397,0.271,0,,,163,,,696
LAD,NL,1983,609,91,0.318,0.379,0.25,1,3,3,163,,,654
MIL,AL,1983,708,87,0.33299999999999996,0.418,0.27699999999999997,0,,,162,,,764
MIN,AL,1983,822,70,0.319,0.401,0.261,0,,,162,,,709
MON,NL,1983,646,82,0.326,0.386,0.264,0,,,163,,,677
NYM,NL,1983,680,68,0.3,0.344,0.24100000000000002,0,,,162,,,575
NYY,AL,1983,703,91,0.337,0.41600000000000004,0.273,0,,,162,,,770
OAK,AL,1983,782,74,0.326,0.381,0.262,0,,,162,,,708
PHI,NL,1983,635,90,0.32899999999999996,0.373,0.249,1,4,2,163,,,696
PIT,NL,1983,648,84,0.325,0.38299999999999995,0.264,0,,,162,,,659
SDP,NL,1983,653,81,0.311,0.35100000000000003,0.25,0,,,163,,,653
SEA,AL,1983,740,60,0.301,0.36,0.24,0,,,162,,,558
SFG,NL,1983,697,79,0.325,0.375,0.247,0,,,162,,,687
STL,NL,1983,710,79,0.335,0.384,0.27,0,,,162,,,679
TEX,AL,1983,609,77,0.31,0.366,0.255,0,,,163,,,639
TOR,AL,1983,726,89,0.33799999999999997,0.436,0.27699999999999997,0,,,162,,,795
ATL,NL,1982,702,89,0.325,0.38299999999999995,0.256,1,4,3,162,,,739
BAL,AL,1982,687,94,0.341,0.419,0.266,0,,,163,,,774
BOS,AL,1982,713,89,0.34,0.40700000000000003,0.27399999999999997,0,,,162,,,753
CAL,AL,1982,670,93,0.34700000000000003,0.433,0.27399999999999997,1,2,3,162,,,814
CHC,NL,1982,709,73,0.317,0.375,0.26,0,,,162,,,676
CHW,AL,1982,710,87,0.337,0.413,0.273,0,,,162,,,786
CIN,NL,1982,661,61,0.31,0.35,0.251,0,,,162,,,545
CLE,AL,1982,748,78,0.341,0.373,0.262,0,,,162,,,683
DET,AL,1982,685,83,0.324,0.418,0.266,0,,,162,,,729
HOU,NL,1982,620,77,0.302,0.349,0.247,0,,,162,,,569
KCR,AL,1982,717,90,0.337,0.428,0.285,0,,,162,,,784
LAD,NL,1982,612,88,0.327,0.38799999999999996,0.264,0,,,162,,,691
MIL,AL,1982,717,95,0.335,0.455,0.27899999999999997,1,1,2,163,,,891
MIN,AL,1982,819,60,0.316,0.396,0.257,0,,,162,,,657
MON,NL,1982,616,86,0.325,0.396,0.262,0,,,162,,,697
NYM,NL,1982,723,65,0.305,0.35,0.247,0,,,162,,,609
NYY,AL,1982,716,79,0.32799999999999996,0.39799999999999996,0.256,0,,,162,,,709
OAK,AL,1982,819,68,0.309,0.36700000000000005,0.23600000000000002,0,,,162,,,691
PHI,NL,1982,654,89,0.32299999999999995,0.376,0.26,0,,,162,,,664
PIT,NL,1982,696,84,0.327,0.408,0.273,0,,,162,,,724
SDP,NL,1982,658,81,0.311,0.359,0.257,0,,,162,,,675
SEA,AL,1982,712,76,0.311,0.381,0.254,0,,,162,,,651
SFG,NL,1982,687,87,0.327,0.376,0.253,0,,,162,,,673
STL,NL,1982,609,92,0.33399999999999996,0.364,0.264,1,3,1,162,,,685
TEX,AL,1982,749,64,0.308,0.359,0.249,0,,,162,,,590
TOR,AL,1982,701,78,0.314,0.38299999999999995,0.262,0,,,162,,,651
ATL,NL,1980,660,81,0.307,0.38,0.25,0,,,161,,,630
BAL,AL,1980,640,100,0.342,0.413,0.273,0,,,162,,,805
BOS,AL,1980,767,83,0.34,0.436,0.28300000000000003,0,,,160,,,757
CAL,AL,1980,797,65,0.332,0.37799999999999995,0.265,0,,,160,,,698
CHC,NL,1980,728,64,0.309,0.365,0.251,0,,,162,,,614
CHW,AL,1980,722,70,0.311,0.37,0.259,0,,,162,,,587
CIN,NL,1980,670,89,0.327,0.386,0.262,0,,,163,,,707
CLE,AL,1980,807,79,0.35,0.381,0.27699999999999997,0,,,160,,,738
DET,AL,1980,757,84,0.348,0.409,0.273,0,,,163,,,830
HOU,NL,1980,589,93,0.326,0.36700000000000005,0.261,1,3,3,163,,,637
KCR,AL,1980,694,97,0.345,0.413,0.28600000000000003,1,2,2,162,,,809
LAD,NL,1980,591,92,0.32299999999999995,0.38799999999999996,0.263,0,,,163,,,663
MIL,AL,1980,682,86,0.32899999999999996,0.44799999999999995,0.275,0,,,162,,,811
MIN,AL,1980,724,77,0.319,0.381,0.265,0,,,161,,,670
MON,NL,1980,629,90,0.324,0.38799999999999996,0.257,0,,,162,,,694
NYM,NL,1980,702,67,0.319,0.345,0.257,0,,,162,,,611
NYY,AL,1980,662,103,0.34299999999999997,0.425,0.267,1,1,3,162,,,820
OAK,AL,1980,642,83,0.322,0.385,0.259,0,,,162,,,686
PHI,NL,1980,639,91,0.327,0.4,0.27,1,4,1,162,,,728
PIT,NL,1980,646,83,0.322,0.38799999999999996,0.266,0,,,162,,,666
SDP,NL,1980,654,73,0.324,0.342,0.255,0,,,163,,,591
SEA,AL,1980,793,59,0.308,0.35600000000000004,0.248,0,,,163,,,610
SFG,NL,1980,634,75,0.308,0.342,0.244,0,,,161,,,573
STL,NL,1980,710,74,0.32799999999999996,0.4,0.275,0,,,162,,,738
TEX,AL,1980,752,76,0.33899999999999997,0.405,0.284,0,,,163,,,756
TOR,AL,1980,762,67,0.309,0.38299999999999995,0.251,0,,,162,,,624
ATL,NL,1979,763,66,0.318,0.377,0.256,0,,,160,,,669
BAL,AL,1979,582,102,0.336,0.419,0.261,1,1,2,159,,,757
BOS,AL,1979,711,91,0.344,0.456,0.28300000000000003,0,,,160,,,841
CAL,AL,1979,768,88,0.35100000000000003,0.429,0.282,1,4,3,162,,,866
CHC,NL,1979,707,80,0.32899999999999996,0.40299999999999997,0.26899999999999996,0,,,162,,,706
CHW,AL,1979,748,73,0.33299999999999996,0.41,0.275,0,,,160,,,730
CIN,NL,1979,644,90,0.33799999999999997,0.396,0.264,1,3,3,161,,,731
CLE,AL,1979,805,81,0.34,0.384,0.258,0,,,161,,,760
DET,AL,1979,738,84,0.33899999999999997,0.415,0.26899999999999996,0,,,161,,,770
HOU,NL,1979,582,89,0.315,0.344,0.256,0,,,162,,,583
KCR,AL,1979,816,85,0.34299999999999997,0.42200000000000004,0.282,0,,,162,,,851
LAD,NL,1979,717,79,0.331,0.41200000000000003,0.263,0,,,162,,,739
MIL,AL,1979,722,95,0.345,0.44799999999999995,0.28,0,,,161,,,807
MIN,AL,1979,725,82,0.341,0.402,0.278,0,,,162,,,764
MON,NL,1979,581,95,0.319,0.408,0.264,0,,,160,,,701
NYM,NL,1979,706,63,0.313,0.35,0.25,0,,,163,,,593
NYY,AL,1979,672,89,0.32799999999999996,0.406,0.266,0,,,160,,,734
OAK,AL,1979,860,54,0.302,0.34600000000000003,0.239,0,,,162,,,573
PHI,NL,1979,718,84,0.34,0.396,0.266,0,,,163,,,683
PIT,NL,1979,643,98,0.33,0.41600000000000004,0.272,1,2,1,163,,,775
SDP,NL,1979,681,68,0.311,0.348,0.242,0,,,161,,,603
SEA,AL,1979,820,67,0.331,0.40399999999999997,0.26899999999999996,0,,,162,,,711
SFG,NL,1979,751,71,0.319,0.365,0.24600000000000002,0,,,162,,,672
STL,NL,1979,693,86,0.331,0.401,0.278,0,,,163,,,731
TEX,AL,1979,698,83,0.33399999999999996,0.409,0.278,0,,,162,,,750
TOR,AL,1979,862,53,0.311,0.363,0.251,0,,,162,,,613
ATL,NL,1978,750,69,0.315,0.363,0.244,0,,,162,,,600
BAL,AL,1978,633,90,0.326,0.396,0.258,0,,,161,,,659
BOS,AL,1978,657,99,0.336,0.424,0.267,0,,,163,,,796
CAL,AL,1978,666,87,0.33,0.37,0.259,0,,,162,,,691
CHC,NL,1978,724,79,0.331,0.361,0.264,0,,,162,,,664
CHW,AL,1978,731,71,0.317,0.379,0.264,0,,,161,,,634
CIN,NL,1978,688,92,0.33399999999999996,0.39299999999999996,0.256,0,,,161,,,710
CLE,AL,1978,694,69,0.32299999999999995,0.379,0.261,0,,,159,,,639
DET,AL,1978,653,86,0.33899999999999997,0.392,0.271,0,,,162,,,714
HOU,NL,1978,634,74,0.313,0.355,0.258,0,,,162,,,605
KCR,AL,1978,634,92,0.32899999999999996,0.39899999999999997,0.268,1,3,3,162,,,743
LAD,NL,1978,573,95,0.33799999999999997,0.402,0.264,1,2,2,162,,,727
MIL,AL,1978,650,93,0.33899999999999997,0.43200000000000005,0.276,0,,,162,,,804
MIN,AL,1978,678,73,0.33899999999999997,0.375,0.267,0,,,162,,,666
MON,NL,1978,611,76,0.306,0.379,0.254,0,,,162,,,633
NYM,NL,1978,690,66,0.314,0.35200000000000004,0.245,0,,,162,,,607
NYY,AL,1978,582,100,0.32899999999999996,0.38799999999999996,0.267,1,1,1,163,,,735
OAK,AL,1978,690,69,0.303,0.35100000000000003,0.245,0,,,162,,,532
PHI,NL,1978,586,90,0.32799999999999996,0.38799999999999996,0.258,1,4,3,162,,,708
PIT,NL,1978,637,88,0.32,0.385,0.257,0,,,161,,,684
SDP,NL,1978,598,84,0.321,0.348,0.252,0,,,162,,,591
SEA,AL,1978,834,56,0.314,0.359,0.248,0,,,160,,,614
SFG,NL,1978,594,89,0.318,0.374,0.248,0,,,162,,,613
STL,NL,1978,657,69,0.303,0.358,0.249,0,,,162,,,600
TEX,AL,1978,632,87,0.332,0.381,0.253,0,,,162,,,692
TOR,AL,1978,775,59,0.308,0.359,0.25,0,,,161,,,590
ATL,NL,1977,895,61,0.32,0.376,0.254,0,,,162,,,678
BAL,AL,1977,653,97,0.32899999999999996,0.39299999999999996,0.261,0,,,161,,,719
BOS,AL,1977,712,97,0.345,0.465,0.281,0,,,161,,,859
CAL,AL,1977,695,74,0.324,0.386,0.255,0,,,162,,,675
CHC,NL,1977,739,81,0.33,0.387,0.266,0,,,162,,,692
CHW,AL,1977,771,90,0.344,0.444,0.278,0,,,162,,,844
CIN,NL,1977,725,88,0.345,0.436,0.27399999999999997,0,,,162,,,802
CLE,AL,1977,739,71,0.33399999999999996,0.38,0.26899999999999996,0,,,161,,,676
DET,AL,1977,751,74,0.318,0.41,0.264,0,,,162,,,714
HOU,NL,1977,650,81,0.32,0.385,0.254,0,,,162,,,680
KCR,AL,1977,651,102,0.34,0.436,0.27699999999999997,1,1,3,162,,,822
LAD,NL,1977,582,98,0.336,0.418,0.266,1,4,2,162,,,769
MIL,AL,1977,765,67,0.314,0.389,0.258,0,,,162,,,639
MIN,AL,1977,776,84,0.348,0.41700000000000004,0.282,0,,,161,,,867
MON,NL,1977,736,75,0.318,0.402,0.26,0,,,162,,,665
NYM,NL,1977,663,64,0.313,0.34600000000000003,0.244,0,,,162,,,587
NYY,AL,1977,651,100,0.344,0.444,0.281,1,3,1,162,,,831
OAK,AL,1977,749,63,0.308,0.35200000000000004,0.24,0,,,161,,,605
PHI,NL,1977,668,101,0.34600000000000003,0.44799999999999995,0.27899999999999997,1,2,3,162,,,847
PIT,NL,1977,665,96,0.331,0.413,0.27399999999999997,0,,,162,,,734
SDP,NL,1977,834,69,0.324,0.375,0.249,0,,,162,,,692
SEA,AL,1977,855,64,0.312,0.381,0.256,0,,,162,,,624
SFG,NL,1977,711,75,0.32299999999999995,0.38299999999999995,0.253,0,,,162,,,673
STL,NL,1977,688,83,0.33,0.38799999999999996,0.27,0,,,162,,,737
TEX,AL,1977,657,94,0.342,0.405,0.27,0,,,162,,,767
TOR,AL,1977,822,54,0.316,0.365,0.252,0,,,161,,,605
ATL,NL,1976,700,70,0.32,0.33399999999999996,0.245,0,,,162,,,620
BAL,AL,1976,598,88,0.31,0.358,0.243,0,,,162,,,619
BOS,AL,1976,660,83,0.324,0.402,0.263,0,,,162,,,716
CAL,AL,1976,631,76,0.306,0.318,0.235,0,,,162,,,550
CHC,NL,1976,728,75,0.313,0.35600000000000004,0.251,0,,,162,,,611
CHW,AL,1976,745,64,0.314,0.349,0.255,0,,,161,,,586
CIN,NL,1976,633,102,0.35700000000000004,0.424,0.28,1,1,1,162,,,857
CLE,AL,1976,615,81,0.321,0.359,0.263,0,,,159,,,615
DET,AL,1976,709,74,0.315,0.365,0.257,0,,,161,,,609
HOU,NL,1976,657,80,0.322,0.34700000000000003,0.256,0,,,162,,,625
KCR,AL,1976,611,90,0.327,0.371,0.26899999999999996,1,4,3,162,,,713
LAD,NL,1976,543,92,0.313,0.349,0.251,0,,,162,,,608
MIL,AL,1976,655,66,0.311,0.34,0.24600000000000002,0,,,161,,,570
MIN,AL,1976,704,85,0.341,0.375,0.27399999999999997,0,,,162,,,743
MON,NL,1976,734,55,0.29100000000000004,0.34,0.235,0,,,162,,,531
NYM,NL,1976,538,86,0.319,0.35200000000000004,0.24600000000000002,0,,,162,,,615
NYY,AL,1976,575,97,0.32799999999999996,0.389,0.26899999999999996,1,3,2,159,,,730
OAK,AL,1976,598,87,0.32299999999999995,0.361,0.24600000000000002,0,,,161,,,686
PHI,NL,1976,557,101,0.33799999999999997,0.395,0.272,1,2,3,162,,,770
PIT,NL,1976,630,92,0.321,0.391,0.267,0,,,162,,,708
SDP,NL,1976,662,73,0.31,0.337,0.247,0,,,162,,,570
SFG,NL,1976,686,74,0.312,0.345,0.24600000000000002,0,,,162,,,595
STL,NL,1976,671,72,0.32299999999999995,0.359,0.26,0,,,162,,,629
TEX,AL,1976,652,76,0.321,0.341,0.25,0,,,162,,,616
ATL,NL,1975,739,67,0.313,0.34600000000000003,0.244,0,,,161,,,583
BAL,AL,1975,553,90,0.326,0.373,0.252,0,,,159,,,682
BOS,AL,1975,709,95,0.344,0.41700000000000004,0.275,1,3,2,160,,,796
CAL,AL,1975,723,72,0.322,0.32799999999999996,0.24600000000000002,0,,,161,,,628
CHC,NL,1975,827,75,0.33799999999999997,0.368,0.259,0,,,162,,,712
CHW,AL,1975,703,75,0.331,0.358,0.255,0,,,161,,,655
CIN,NL,1975,586,108,0.353,0.401,0.271,1,1,1,162,,,840
CLE,AL,1975,703,79,0.327,0.392,0.261,0,,,159,,,688
DET,AL,1975,786,57,0.301,0.366,0.249,0,,,159,,,570
HOU,NL,1975,711,64,0.32,0.359,0.254,0,,,162,,,664
KCR,AL,1975,649,91,0.33299999999999996,0.39399999999999996,0.261,0,,,162,,,710
LAD,NL,1975,534,88,0.325,0.365,0.248,0,,,162,,,648
MIL,AL,1975,792,68,0.32,0.389,0.25,0,,,162,,,675
MIN,AL,1975,736,76,0.341,0.386,0.271,0,,,159,,,724
MON,NL,1975,690,75,0.317,0.348,0.244,0,,,162,,,601
NYM,NL,1975,625,82,0.319,0.361,0.256,0,,,162,,,646
NYY,AL,1975,588,83,0.325,0.382,0.264,0,,,160,,,681
OAK,AL,1975,606,98,0.33299999999999996,0.391,0.254,1,2,3,162,,,758
PHI,NL,1975,694,86,0.342,0.402,0.26899999999999996,0,,,162,,,735
PIT,NL,1975,565,92,0.32299999999999995,0.402,0.263,1,4,3,161,,,712
SDP,NL,1975,683,71,0.31,0.335,0.244,0,,,162,,,552
SFG,NL,1975,671,80,0.33299999999999996,0.365,0.259,0,,,161,,,659
STL,NL,1975,689,82,0.327,0.375,0.273,0,,,163,,,662
TEX,AL,1975,733,79,0.33,0.371,0.256,0,,,162,,,714
ATL,NL,1974,563,88,0.319,0.363,0.249,0,,,163,,,661
BAL,AL,1974,612,91,0.322,0.37,0.256,1,2,3,162,,,659
BOS,AL,1974,661,84,0.33299999999999996,0.377,0.264,0,,,162,,,696
CAL,AL,1974,657,68,0.321,0.35600000000000004,0.254,0,,,163,,,618
CHC,NL,1974,826,66,0.327,0.365,0.251,0,,,162,,,669
CHW,AL,1974,721,80,0.33,0.389,0.268,0,,,163,,,684
CIN,NL,1974,631,98,0.34299999999999997,0.39399999999999996,0.26,0,,,163,,,776
CLE,AL,1974,694,77,0.311,0.37,0.255,0,,,162,,,662
DET,AL,1974,768,72,0.303,0.366,0.247,0,,,162,,,620
HOU,NL,1974,632,81,0.322,0.37799999999999995,0.263,0,,,162,,,653
KCR,AL,1974,662,77,0.327,0.364,0.259,0,,,162,,,667
LAD,NL,1974,561,102,0.342,0.401,0.272,1,1,2,162,,,798
MIL,AL,1974,660,76,0.309,0.369,0.244,0,,,162,,,647
MIN,AL,1974,669,82,0.336,0.37799999999999995,0.272,0,,,163,,,673
MON,NL,1974,657,79,0.335,0.35,0.254,0,,,161,,,662
NYM,NL,1974,646,71,0.311,0.32899999999999996,0.235,0,,,162,,,572
NYY,AL,1974,623,89,0.324,0.368,0.263,0,,,162,,,671
OAK,AL,1974,551,90,0.321,0.373,0.247,1,3,1,162,,,689
PHI,NL,1974,701,80,0.32,0.373,0.261,0,,,162,,,676
PIT,NL,1974,657,88,0.335,0.391,0.27399999999999997,1,4,3,162,,,751
SDP,NL,1974,830,60,0.302,0.33,0.22899999999999998,0,,,162,,,541
SFG,NL,1974,723,72,0.322,0.358,0.252,0,,,162,,,634
STL,NL,1974,643,86,0.331,0.365,0.265,0,,,161,,,677
TEX,AL,1974,698,83,0.336,0.377,0.272,0,,,161,,,690
ATL,NL,1973,774,76,0.33899999999999997,0.42700000000000005,0.266,0,,,162,,,799
BAL,AL,1973,561,97,0.345,0.389,0.266,1,2,3,162,,,754
BOS,AL,1973,647,89,0.33799999999999997,0.401,0.267,0,,,162,,,738
CAL,AL,1973,657,79,0.318,0.348,0.253,0,,,162,,,629
CHC,NL,1973,655,77,0.32,0.35700000000000004,0.247,0,,,161,,,614
CHW,AL,1973,705,77,0.324,0.37200000000000005,0.256,0,,,162,,,652
CIN,NL,1973,621,99,0.332,0.38299999999999995,0.254,1,1,3,162,,,741
CLE,AL,1973,826,71,0.315,0.387,0.256,0,,,162,,,680
DET,AL,1973,674,85,0.32,0.39,0.254,0,,,162,,,642
HOU,NL,1973,672,82,0.312,0.376,0.251,0,,,162,,,681
KCR,AL,1973,752,88,0.33899999999999997,0.381,0.261,0,,,162,,,755
LAD,NL,1973,565,95,0.32299999999999995,0.371,0.263,0,,,162,,,675
MIL,AL,1973,731,74,0.325,0.38799999999999996,0.253,0,,,162,,,708
MIN,AL,1973,692,81,0.342,0.39299999999999996,0.27,0,,,162,,,738
MON,NL,1973,702,79,0.34,0.364,0.251,0,,,162,,,668
NYM,NL,1973,588,82,0.315,0.33799999999999997,0.24600000000000002,1,4,2,161,,,608
NYY,AL,1973,610,80,0.322,0.37799999999999995,0.261,0,,,162,,,641
OAK,AL,1973,615,94,0.33299999999999996,0.389,0.26,1,3,1,162,,,758
PHI,NL,1973,717,71,0.31,0.371,0.249,0,,,162,,,642
PIT,NL,1973,693,80,0.315,0.405,0.261,0,,,162,,,704
SDP,NL,1973,770,60,0.29600000000000004,0.35100000000000003,0.244,0,,,162,,,548
SFG,NL,1973,702,88,0.335,0.40700000000000003,0.262,0,,,162,,,739
STL,NL,1973,603,81,0.325,0.35700000000000004,0.259,0,,,162,,,643
TEX,AL,1973,844,57,0.318,0.361,0.255,0,,,162,,,619
ATL,NL,1971,699,82,0.312,0.385,0.257,0,,,162,,,643
BAL,AL,1971,530,101,0.34700000000000003,0.39799999999999996,0.261,1,1,2,158,,,742
BOS,AL,1971,667,85,0.322,0.397,0.252,0,,,162,,,691
CAL,AL,1971,576,76,0.29,0.32899999999999996,0.231,0,,,162,,,511
CHC,NL,1971,648,83,0.325,0.37799999999999995,0.258,0,,,162,,,637
CHW,AL,1971,597,79,0.325,0.373,0.25,0,,,162,,,617
CIN,NL,1971,581,79,0.3,0.366,0.24100000000000002,0,,,162,,,586
CLE,AL,1971,747,60,0.3,0.342,0.23800000000000002,0,,,162,,,543
DET,AL,1971,645,91,0.325,0.405,0.254,0,,,162,,,701
HOU,NL,1971,567,79,0.302,0.34,0.24,0,,,162,,,585
KCR,AL,1971,566,85,0.313,0.353,0.25,0,,,161,,,603
LAD,NL,1971,587,89,0.325,0.37,0.266,0,,,162,,,663
MIL,AL,1971,609,69,0.304,0.32899999999999996,0.22899999999999998,0,,,161,,,534
MIN,AL,1971,670,74,0.32299999999999995,0.37200000000000005,0.26,0,,,160,,,654
MON,NL,1971,729,71,0.322,0.34299999999999997,0.24600000000000002,0,,,162,,,622
NYM,NL,1971,550,83,0.319,0.35100000000000003,0.249,0,,,162,,,588
NYY,AL,1971,641,81,0.32799999999999996,0.36,0.254,0,,,162,,,648
OAK,AL,1971,564,101,0.321,0.384,0.252,1,1,3,161,,,691
PHI,NL,1971,688,67,0.298,0.35,0.233,0,,,162,,,558
PIT,NL,1971,599,97,0.33,0.41600000000000004,0.27399999999999997,1,2,1,162,,,788
SDP,NL,1971,610,61,0.293,0.332,0.233,0,,,161,,,486
SFG,NL,1971,644,90,0.32899999999999996,0.37799999999999995,0.247,1,3,3,162,,,706
STL,NL,1971,699,90,0.33799999999999997,0.385,0.275,0,,,163,,,739
WSA,AL,1971,660,63,0.307,0.326,0.23,0,,,159,,,537
ATL,NL,1970,772,76,0.33399999999999996,0.40399999999999997,0.27,0,,,162,,,736
BAL,AL,1970,574,108,0.344,0.401,0.257,1,1,1,162,,,792
BOS,AL,1970,722,87,0.335,0.428,0.262,0,,,162,,,786
CAL,AL,1970,630,86,0.309,0.363,0.251,0,,,162,,,631
CHC,NL,1970,679,84,0.33299999999999996,0.415,0.259,0,,,162,,,806
CHW,AL,1970,822,56,0.315,0.36200000000000004,0.253,0,,,162,,,633
CIN,NL,1970,681,102,0.336,0.436,0.27,1,2,2,162,,,775
CLE,AL,1970,675,76,0.314,0.39399999999999996,0.249,0,,,162,,,649
DET,AL,1970,731,79,0.322,0.374,0.23800000000000002,0,,,162,,,666
HOU,NL,1970,763,79,0.332,0.391,0.259,0,,,162,,,744
KCR,AL,1970,705,65,0.309,0.348,0.244,0,,,162,,,611
LAD,NL,1970,684,87,0.33399999999999996,0.382,0.27,0,,,161,,,749
MIL,AL,1970,751,65,0.319,0.358,0.242,0,,,163,,,613
MIN,AL,1970,605,98,0.327,0.40299999999999997,0.262,1,3,3,162,,,744
MON,NL,1970,807,73,0.32299999999999995,0.365,0.237,0,,,162,,,687
NYM,NL,1970,630,83,0.33299999999999996,0.37,0.249,0,,,162,,,695
NYY,AL,1970,612,93,0.324,0.365,0.251,0,,,163,,,680
OAK,AL,1970,593,89,0.325,0.392,0.249,0,,,162,,,678
PHI,NL,1970,730,73,0.305,0.35600000000000004,0.23800000000000002,0,,,161,,,594
PIT,NL,1970,664,89,0.325,0.406,0.27,1,4,3,162,,,729
SDP,NL,1970,788,63,0.312,0.391,0.24600000000000002,0,,,162,,,681
SFG,NL,1970,826,86,0.35100000000000003,0.409,0.262,0,,,162,,,831
STL,NL,1970,747,76,0.331,0.379,0.263,0,,,162,,,744
WSA,AL,1970,689,70,0.321,0.358,0.23800000000000002,0,,,162,,,626
ATL,NL,1969,631,93,0.321,0.38,0.258,1,4,3,162,,,691
BAL,AL,1969,517,109,0.34299999999999997,0.414,0.265,1,1,2,162,,,779
BOS,AL,1969,736,87,0.33299999999999996,0.415,0.251,0,,,162,,,743
CAL,AL,1969,652,71,0.3,0.319,0.23,0,,,163,,,528
CHC,NL,1969,611,92,0.32299999999999995,0.384,0.253,0,,,163,,,720
CHW,AL,1969,723,68,0.32,0.35700000000000004,0.247,0,,,162,,,625
CIN,NL,1969,768,89,0.335,0.42200000000000004,0.27699999999999997,0,,,163,,,798
CLE,AL,1969,717,62,0.307,0.345,0.237,0,,,161,,,573
DET,AL,1969,601,90,0.316,0.387,0.242,0,,,162,,,701
HOU,NL,1969,668,81,0.33,0.35200000000000004,0.24,0,,,162,,,676
KCR,AL,1969,688,69,0.309,0.33799999999999997,0.24,0,,,163,,,586
LAD,NL,1969,561,85,0.315,0.359,0.254,0,,,162,,,645
MIN,AL,1969,618,97,0.34,0.408,0.268,1,3,3,162,,,790
MON,NL,1969,791,52,0.31,0.359,0.24,0,,,162,,,582
NYM,NL,1969,541,100,0.311,0.35100000000000003,0.242,1,2,1,162,,,632
NYY,AL,1969,587,80,0.308,0.344,0.235,0,,,162,,,562
OAK,AL,1969,678,88,0.32899999999999996,0.376,0.249,0,,,162,,,740
PHI,NL,1969,745,63,0.312,0.37200000000000005,0.24100000000000002,0,,,162,,,645
PIT,NL,1969,652,88,0.33399999999999996,0.39799999999999996,0.27699999999999997,0,,,162,,,725
SDP,NL,1969,746,52,0.285,0.32899999999999996,0.225,0,,,162,,,468
SEP,AL,1969,799,64,0.316,0.34600000000000003,0.23399999999999999,0,,,163,,,639
SFG,NL,1969,636,90,0.33399999999999996,0.361,0.242,0,,,162,,,713
STL,NL,1969,540,87,0.316,0.359,0.253,0,,,162,,,595
WSA,AL,1969,644,86,0.33,0.37799999999999995,0.251,0,,,162,,,694
ATL,NL,1968,549,81,0.307,0.33899999999999997,0.252,0,,,163,,,514
BAL,AL,1968,497,91,0.304,0.35200000000000004,0.225,0,,,162,,,579
BOS,AL,1968,611,86,0.313,0.35200000000000004,0.23600000000000002,0,,,162,,,614
CAL,AL,1968,615,67,0.29100000000000004,0.318,0.22699999999999998,0,,,162,,,498
CHC,NL,1968,611,84,0.298,0.366,0.242,0,,,163,,,612
CHW,AL,1968,527,67,0.284,0.311,0.228,0,,,162,,,463
CIN,NL,1968,673,83,0.32,0.389,0.273,0,,,163,,,690
CLE,AL,1968,504,86,0.293,0.327,0.23399999999999999,0,,,162,,,516
DET,AL,1968,492,103,0.307,0.385,0.235,1,1,1,164,,,671
HOU,NL,1968,588,72,0.298,0.317,0.231,0,,,162,,,510
LAD,NL,1968,509,76,0.289,0.319,0.23,0,,,162,,,470
MIN,AL,1968,546,79,0.299,0.35,0.237,0,,,162,,,562
NYM,NL,1968,499,73,0.281,0.315,0.228,0,,,163,,,473
NYY,AL,1968,531,83,0.292,0.318,0.214,0,,,164,,,536
OAK,AL,1968,544,82,0.304,0.34299999999999997,0.24,0,,,163,,,569
PHI,NL,1968,615,76,0.294,0.33299999999999996,0.233,0,,,162,,,543
PIT,NL,1968,532,80,0.306,0.34299999999999997,0.252,0,,,163,,,583
SFG,NL,1968,529,88,0.307,0.341,0.239,0,,,163,,,599
STL,NL,1968,472,97,0.298,0.34600000000000003,0.249,1,2,2,162,,,583
WSA,AL,1968,665,65,0.287,0.336,0.22399999999999998,0,,,161,,,524
ATL,NL,1967,640,77,0.307,0.37200000000000005,0.24,0,,,162,,,631
BAL,AL,1967,592,76,0.31,0.37200000000000005,0.24,0,,,161,,,654
BOS,AL,1967,614,92,0.321,0.395,0.255,1,2,2,162,,,722
CAL,AL,1967,587,84,0.301,0.349,0.23800000000000002,0,,,161,,,567
CHC,NL,1967,624,87,0.316,0.37799999999999995,0.251,0,,,162,,,702
CHW,AL,1967,491,89,0.29100000000000004,0.32,0.225,0,,,162,,,531
CIN,NL,1967,563,87,0.297,0.37200000000000005,0.248,0,,,162,,,604
CLE,AL,1967,613,75,0.293,0.359,0.235,0,,,162,,,559
DET,AL,1967,587,91,0.325,0.376,0.243,0,,,163,,,683
HOU,NL,1967,742,69,0.317,0.364,0.249,0,,,162,,,626
KCA,AL,1967,660,62,0.29600000000000004,0.33,0.233,0,,,161,,,533
LAD,NL,1967,595,73,0.301,0.332,0.23600000000000002,0,,,162,,,519
MIN,AL,1967,590,91,0.309,0.369,0.24,0,,,164,,,671
NYM,NL,1967,672,61,0.28800000000000003,0.325,0.23800000000000002,0,,,162,,,498
NYY,AL,1967,621,72,0.29600000000000004,0.317,0.225,0,,,163,,,522
PHI,NL,1967,581,82,0.313,0.35700000000000004,0.242,0,,,162,,,612
PIT,NL,1967,693,81,0.324,0.38,0.27699999999999997,0,,,163,,,679
SFG,NL,1967,551,91,0.313,0.37200000000000005,0.245,0,,,162,,,652
STL,NL,1967,557,101,0.32,0.379,0.263,1,1,1,161,,,695
WSA,AL,1967,637,76,0.28800000000000003,0.326,0.223,0,,,161,,,550
ATL,NL,1966,683,85,0.326,0.424,0.263,0,,,163,,,782
BAL,AL,1966,601,97,0.324,0.409,0.258,1,1,1,160,,,755
BOS,AL,1966,731,72,0.31,0.376,0.24,0,,,162,,,655
CAL,AL,1966,643,80,0.303,0.354,0.23199999999999998,0,,,162,,,604
CHC,NL,1966,809,59,0.313,0.38,0.254,0,,,162,,,644
CHW,AL,1966,517,83,0.297,0.331,0.231,0,,,163,,,574
CIN,NL,1966,702,76,0.309,0.395,0.26,0,,,160,,,692
CLE,AL,1966,586,81,0.297,0.36,0.237,0,,,162,,,574
DET,AL,1966,698,88,0.321,0.406,0.251,0,,,162,,,719
HOU,NL,1966,695,72,0.318,0.365,0.255,0,,,163,,,612
KCA,AL,1966,648,74,0.294,0.337,0.23600000000000002,0,,,160,,,564
LAD,NL,1966,490,95,0.314,0.36200000000000004,0.256,1,2,2,162,,,606
MIN,AL,1966,581,89,0.316,0.382,0.249,0,,,162,,,663
NYM,NL,1966,761,66,0.301,0.342,0.239,0,,,161,,,587
NYY,AL,1966,612,70,0.299,0.374,0.235,0,,,160,,,611
PHI,NL,1966,640,87,0.322,0.37799999999999995,0.258,0,,,162,,,696
PIT,NL,1966,641,92,0.32899999999999996,0.428,0.27899999999999997,0,,,162,,,759
SFG,NL,1966,626,93,0.303,0.392,0.248,0,,,161,,,675
STL,NL,1966,577,83,0.298,0.368,0.251,0,,,162,,,571
WSA,AL,1966,659,71,0.295,0.355,0.23399999999999999,0,,,159,,,557
BAL,AL,1965,578,94,0.307,0.363,0.23800000000000002,0,,,162,,,641
BOS,AL,1965,791,62,0.327,0.4,0.251,0,,,162,,,669
CAL,AL,1965,569,75,0.297,0.341,0.239,0,,,162,,,527
CHC,NL,1965,723,72,0.307,0.358,0.23800000000000002,0,,,164,,,635
CHW,AL,1965,555,95,0.315,0.364,0.24600000000000002,0,,,162,,,647
CIN,NL,1965,704,89,0.33899999999999997,0.439,0.273,0,,,162,,,825
CLE,AL,1965,613,87,0.315,0.379,0.25,0,,,162,,,663
DET,AL,1965,602,89,0.312,0.374,0.23800000000000002,0,,,162,,,680
HOU,NL,1965,711,65,0.305,0.34,0.237,0,,,162,,,569
KCA,AL,1965,755,59,0.309,0.358,0.24,0,,,162,,,585
LAD,NL,1965,521,97,0.312,0.335,0.245,1,2,1,162,,,608
MIN,AL,1965,600,102,0.324,0.39899999999999997,0.254,1,1,2,162,,,774
MLN,NL,1965,633,86,0.31,0.41600000000000004,0.256,0,,,162,,,708
NYM,NL,1965,752,50,0.27699999999999997,0.327,0.221,0,,,164,,,495
NYY,AL,1965,604,77,0.299,0.364,0.235,0,,,162,,,611
PHI,NL,1965,667,85,0.313,0.384,0.25,0,,,162,,,654
PIT,NL,1965,580,90,0.317,0.382,0.265,0,,,163,,,675
SFG,NL,1965,593,95,0.313,0.385,0.252,0,,,163,,,682
STL,NL,1965,674,80,0.314,0.371,0.254,0,,,162,,,707
WSA,AL,1965,721,70,0.304,0.35,0.228,0,,,162,,,591
BAL,AL,1964,567,97,0.316,0.387,0.248,0,,,163,,,679
BOS,AL,1964,793,72,0.322,0.41600000000000004,0.258,0,,,162,,,688
CHC,NL,1964,724,76,0.314,0.39,0.251,0,,,162,,,649
CHW,AL,1964,501,98,0.32,0.353,0.247,0,,,162,,,642
CIN,NL,1964,566,92,0.308,0.37200000000000005,0.249,0,,,163,,,660
CLE,AL,1964,693,79,0.312,0.38,0.247,0,,,164,,,689
DET,AL,1964,678,85,0.319,0.395,0.253,0,,,163,,,699
HOU,NL,1964,628,66,0.285,0.315,0.22899999999999998,0,,,162,,,495
KCA,AL,1964,836,57,0.311,0.379,0.239,0,,,163,,,621
LAA,AL,1964,551,82,0.304,0.344,0.242,0,,,162,,,544
LAD,NL,1964,572,80,0.305,0.34,0.25,0,,,164,,,614
MIN,AL,1964,678,79,0.322,0.42700000000000005,0.252,0,,,163,,,737
MLN,NL,1964,744,88,0.33299999999999996,0.418,0.272,0,,,162,,,803
NYM,NL,1964,776,53,0.29600000000000004,0.348,0.24600000000000002,0,,,163,,,569
NYY,AL,1964,577,99,0.317,0.387,0.253,1,1,2,164,,,730
PHI,NL,1964,632,92,0.315,0.391,0.258,0,,,162,,,693
PIT,NL,1964,636,80,0.315,0.389,0.264,0,,,162,,,663
SFG,NL,1964,587,90,0.31,0.382,0.24600000000000002,0,,,162,,,656
STL,NL,1964,652,93,0.324,0.392,0.272,1,2,1,162,,,715
WSA,AL,1964,733,62,0.299,0.348,0.231,0,,,162,,,578
BAL,AL,1963,621,86,0.31,0.38,0.249,0,,,162,,,644
BOS,AL,1963,704,76,0.312,0.4,0.252,0,,,161,,,666
CHC,NL,1963,578,82,0.297,0.363,0.23800000000000002,0,,,162,,,570
CHW,AL,1963,544,94,0.32299999999999995,0.365,0.25,0,,,162,,,683
CIN,NL,1963,594,86,0.31,0.371,0.24600000000000002,0,,,162,,,648
CLE,AL,1963,702,79,0.301,0.381,0.239,0,,,162,,,635
DET,AL,1963,703,79,0.327,0.382,0.252,0,,,162,,,700
HOU,NL,1963,640,66,0.28300000000000003,0.301,0.22,0,,,162,,,464
KCA,AL,1963,704,73,0.313,0.353,0.247,0,,,162,,,615
LAA,AL,1963,660,70,0.309,0.354,0.25,0,,,161,,,597
LAD,NL,1963,550,99,0.309,0.35700000000000004,0.251,1,2,1,163,,,640
MIN,AL,1963,602,91,0.325,0.43,0.255,0,,,161,,,767
MLN,NL,1963,603,84,0.312,0.37,0.244,0,,,163,,,677
NYM,NL,1963,774,51,0.285,0.315,0.21899999999999997,0,,,162,,,501
NYY,AL,1963,547,104,0.309,0.40299999999999997,0.252,1,1,2,161,,,714
PHI,NL,1963,578,87,0.306,0.381,0.252,0,,,162,,,642
PIT,NL,1963,595,74,0.309,0.359,0.25,0,,,162,,,567
SFG,NL,1963,641,88,0.316,0.414,0.258,0,,,162,,,725
STL,NL,1963,628,93,0.326,0.40299999999999997,0.271,0,,,162,,,747
WSA,AL,1963,812,56,0.293,0.35100000000000003,0.22699999999999998,0,,,162,,,578
BAL,AL,1962,680,77,0.314,0.387,0.248,0,,,162,,,652
BOS,AL,1962,756,76,0.324,0.40299999999999997,0.258,0,,,160,,,707
CHC,NL,1962,827,59,0.317,0.377,0.253,0,,,162,,,632
CHW,AL,1962,658,85,0.33399999999999996,0.37200000000000005,0.257,0,,,162,,,707
CIN,NL,1962,685,98,0.332,0.41700000000000004,0.27,0,,,162,,,802
CLE,AL,1962,745,80,0.312,0.38799999999999996,0.245,0,,,162,,,682
DET,AL,1962,692,85,0.33,0.41100000000000003,0.248,0,,,161,,,758
HOU,NL,1962,717,64,0.31,0.35100000000000003,0.24600000000000002,0,,,162,,,592
KCA,AL,1962,837,72,0.332,0.386,0.263,0,,,162,,,745
LAA,AL,1962,706,86,0.325,0.38,0.25,0,,,162,,,718
LAD,NL,1962,697,102,0.337,0.4,0.268,0,,,165,,,842
MIN,AL,1962,713,91,0.33799999999999997,0.41200000000000003,0.26,0,,,163,,,798
MLN,NL,1962,665,86,0.326,0.40299999999999997,0.252,0,,,162,,,730
NYM,NL,1962,948,40,0.318,0.361,0.24,0,,,161,,,617
NYY,AL,1962,680,96,0.337,0.426,0.267,1,2,1,162,,,817
PHI,NL,1962,759,81,0.33,0.39,0.26,0,,,161,,,705
PIT,NL,1962,626,93,0.321,0.39399999999999996,0.268,0,,,161,,,706
SFG,NL,1962,690,103,0.341,0.441,0.278,1,1,2,165,,,878
STL,NL,1962,664,84,0.335,0.39399999999999996,0.271,0,,,163,,,774
WSA,AL,1962,716,60,0.308,0.373,0.25,0,,,162,,,599
